Workbook

Sheet Sheet4
A1: New Unit | B1: (All)
A3: Count of Name | B3: Column Labels
A4: Row Labels | B4: AIRCRAFT CABIN CONTROLLER | C4: AIRCRAFT CABIN ENGINEER | D4: AIRCRAFT CABIN TECHNICIAN | E4: AIRCRAFT MAINTENANCE ENGINEER | F4: AIRCRAFT MAINTENANCE PLANNER | G4: AIRCRAFT MAINTENANCE TECHNICIAN | H4: ASSISTANT STAFF OFFICER | I4: OJT TO AIRCRAFT CABIN ENGINEER | J4: SENIOR AIRCRAFT CABIN CONTROLLER | K4: SENIOR AIRCRAFT CABIN ENGINEER | L4: SENIOR AIRCRAFT CABIN TECHNICIAN | M4: SENIOR AIRCRAFT MAINTENANCE PLANNER | N4: SENIOR AIRCRAFT MAINTENANCE PLANNING ENGINEER | O4: SENIOR AIRCRAFT MAINTENANCE TECHNICIAN | P4: Group Head | Q4: SECRETARY | R4: Division Head | S4: Department Head | T4: Aircraft Cabin Technician (PKWT NP) | U4: AIRCRAFT MAINTENANCE TECHNICIAN (PKWT NP) | V4: MANAGER CABIN ON DUTY | W4: AIRCRAFT MAINTENANCE PLANNING ENGINEER | X4: Grand Total
A5: 1 | B5: 1 | C5: 22 | D5: 2 | E5: 3 | F5: 1 | G5: 2 | H5: 2 | J5: 8 | K5: 2 | L5: 21 | M5: 5 | N5: 3 | O5: 30 | P5: 1 | Q5: 1 | R5: 2 | S5: 9 | T5: 43 | U5: 2 | V5: 4 | X5: 164
A6: 0.93333333 | C6: 6 | I6: 1 | O6: 7 | X6: 14
A7: 0.92307692 | L7: 15 | X7: 15
A8: 0.86666667 | O8: 1 | X8: 1
A9: 0.8 | O9: 1 | X9: 1
A10: 0.92857143 | F10: 1 | S10: 1 | W10: 1 | X10: 3
A11: 0.85714286 | S11: 1 | X11: 1
A12: 0.76923077 | L12: 2 | X12: 2
A13: 0.88888889 | V13: 1 | X13: 1
A14: 0.84615385 | L14: 2 | X14: 2
A15: 0.53846154 | L15: 2 | X15: 2
A16: 0.69230769 | L16: 1 | X16: 1
A17: 0.61538462 | L17: 1 | X17: 1
A18: 0.13333333 | C18: 1 | X18: 1
A19: Grand Total | B19: 1 | C19: 29 | D19: 2 | E19: 3 | F19: 2 | G19: 2 | H19: 2 | I19: 1 | J19: 8 | K19: 2 | L19: 44 | M19: 5 | N19: 3 | O19: 39 | P19: 1 | Q19: 1 | R19: 2 | S19: 11 | T19: 43 | U19: 2 | V19: 5 | W19: 1 | X19: 209

Sheet Dashboard
A1: Training Type | B1: Valid | C1: Expired | D1: Expiring | E1: Not Trained
A2: Human Factor | B2: =COUNTIF(TrainingData!$I:$I,B$1) -> 193 | C2: =COUNTIF(TrainingData!$I:$I,C$1) -> 0 | D2: =COUNTIF(TrainingData!$I:$I,D$1) -> 11 | E2: =COUNTIF(TrainingData!$I:$I,E$1) -> 3 | F2: =SUM(B2:E2) -> 207
A3: Safety Management System | B3: =COUNTIF(TrainingData!$K:$K,B$1) -> 193 | C3: =COUNTIF(TrainingData!$K:$K,C$1) -> 0 | D3: =COUNTIF(TrainingData!$K:$K,D$1) -> 12 | E3: =COUNTIF(TrainingData!$K:$K,E$1) -> 2 | F3: =SUM(B3:E3) -> 207
A4: GMF Quality System | B4: =COUNTIF(TrainingData!$M:$M,B$1) -> 188 | C4: =COUNTIF(TrainingData!$M:$M,C$1) -> 7 | D4: =COUNTIF(TrainingData!$M:$M,D$1) -> 10 | E4: =COUNTIF(TrainingData!$M:$M,E$1) -> 2 | F4: =SUM(B4:E4) -> 207
A5: CASR Part 145 | B5: =COUNTIF(TrainingData!$O:$O,B$1) -> 138 | C5: =COUNTIF(TrainingData!$O:$O,C$1) -> 8 | D5: =COUNTIF(TrainingData!$O:$O,D$1) -> 12 | E5: =COUNTIF(TrainingData!$O:$O,E$1) -> 1 | F5: =SUM(B5:E5) -> 159
A6: FAR Part 145 | B6: =COUNTIF(TrainingData!$Q:$Q,B$1) -> 135 | C6: =COUNTIF(TrainingData!$Q:$Q,C$1) -> 8 | D6: =COUNTIF(TrainingData!$Q:$Q,D$1) -> 15 | E6: =COUNTIF(TrainingData!$Q:$Q,E$1) -> 1 | F6: =SUM(B6:E6) -> 159
A7: EASA Part 145 | B7: =COUNTIF(TrainingData!$S:$S,B$1) -> 138 | C7: =COUNTIF(TrainingData!$S:$S,C$1) -> 9 | D7: =COUNTIF(TrainingData!$S:$S,D$1) -> 11 | E7: =COUNTIF(TrainingData!$S:$S,E$1) -> 1 | F7: =SUM(B7:E7) -> 159
A8: EASA Part M | B8: =COUNTIF(TrainingData!$U:$U,B$1) -> 140 | C8: =COUNTIF(TrainingData!$U:$U,C$1) -> 8 | D8: =COUNTIF(TrainingData!$U:$U,D$1) -> 10 | E8: =COUNTIF(TrainingData!$U:$U,E$1) -> 1 | F8: =SUM(B8:E8) -> 159
A9: Fuel Tank Safety | B9: =COUNTIF(TrainingData!$W:$W,B$1) -> 140 | C9: =COUNTIF(TrainingData!$W:$W,C$1) -> 6 | D9: =COUNTIF(TrainingData!$W:$W,D$1) -> 12 | E9: =COUNTIF(TrainingData!$W:$W,E$1) -> 1 | F9: =SUM(B9:E9) -> 159
A10: EWIS | B10: =COUNTIF(TrainingData!$Y:$Y,B$1) -> 143 | C10: =COUNTIF(TrainingData!$Y:$Y,C$1) -> 4 | D10: =COUNTIF(TrainingData!$Y:$Y,D$1) -> 8 | E10: =COUNTIF(TrainingData!$Y:$Y,E$1) -> 4 | F10: =SUM(B10:E10) -> 159
A11: Dangerous Good | B11: =COUNTIF(TrainingData!$AA:$AA,B$1) -> 154 | C11: =COUNTIF(TrainingData!$AA:$AA,C$1) -> 0 | D11: =COUNTIF(TrainingData!$AA:$AA,D$1) -> 0 | E11: =COUNTIF(TrainingData!$AA:$AA,E$1) -> 5 | F11: =SUM(B11:E11) -> 159
B12: =SUM(B2:B11) -> 1562 | C12: =SUM(C2:C11) -> 50 | D12: =SUM(D2:D11) -> 101 | E12: =SUM(E2:E11) -> 21 | F12: =SUM(F2:F11) -> 1734
B13: =(B12+D12)/F12 -> 0.95905421
B18: Valid | C18: Expired | D18: Expiring | E18: Not Trained
A19: AMEL | B19: =COUNTIF(TrainingData!$CE:$CE,B$1) -> 64 | C19: =COUNTIF(TrainingData!$CE:$CE,C$1) -> 3 | D19: =COUNTIF(TrainingData!$CE:$CE,D$1) -> 9 | E19: =COUNTIF(TrainingData!$CE:$CE,E$1) -> 131 | F19: =SUM(B19:E19) -> 207
A20: Stamp | B20: =COUNTIF(TrainingData!$CH:$CH,B$1) -> 111 | C20: =COUNTIF(TrainingData!$CH:$CH,C$1) -> 0 | D20: =COUNTIF(TrainingData!$CH:$CH,D$1) -> 0 | E20: =COUNTIF(TrainingData!$CH:$CH,E$1) -> 91 | F20: =SUM(B20:E20) -> 202
B21: =SUM(B19:B20) -> 175 | C21: =SUM(C19:C20) -> 3 | D21: =SUM(D19:D20) -> 9 | E21: =SUM(E19:E20) -> 222

Sheet Sheet2
A3: Row Labels | B3: Count of New Unit
A4: JKTTN | B4: 2
A5: JKTTNL | B5: 1
A6: JKTTNL-1 | B6: 19
A7: JKTTNL-2 | B7: 19
A8: JKTTNL-3 | B8: 19
A9: JKTTNL-4 | B9: 19
A10: JKTTNL-5 | B10: 19
A11: JKTTNL-6 | B11: 65
A12: JKTTNL-7 | B12: 9
A13: JKTTNP | B13: 6
A14: JKTTNP-1 | B14: 10
A15: JKTTNP-2 | B15: 13
... A18: Grand Total | B18: 209

Sheet Pivot
K1: Type Rating Level III Training | O1: AMEL | S1: I Stamp
K2: Job Title | L2: (Multiple Items) | O2: New Unit | P2: (Multiple Items) | S2: New Unit | T2: (Multiple Items)
K3: Type Rating Level III Training | L3: (blank) | O3: AMEL No | P3: (blank) | S3: AMEL No | T3: (Multiple Items)
I4: =GETPIVOTDATA("3",$G$3,"3","A320 Neo") -> #REF! | K4: New Unit | L4: (Multiple Items) | O4: Job Title | P4: (Multiple Items) | S4: Job Title | T4: (Multiple Items)
I5: =GETPIVOTDATA("3",$G$3,"3","A330 NEO") -> #REF! | K5: Stamp No | L5: (Multiple Items) | O5: Type Rating Level III Training | P5: (Multiple Items) | S5: Stamp No | T5: (Multiple Items)
I6: =GETPIVOTDATA("3",$G$3,"3","A330 Neo, A320 Neo")-GETPIVOTDATA("AMEL 3",$G$20,"AMEL 3","A330 Neo, A320 Neo") -> #REF!
I7: =GETPIVOTDATA("3",$G$3,"3","B737 MAX") -> #REF! | K7: Row Labels | L7: Count of Type Rating Level III Training | O7: Row Labels | P7: Count of AMEL No | S7: Row Labels
I8: =GETPIVOTDATA("3",$G$3,"3","CRJ")-GETPIVOTDATA("AMEL 3",$G$20,"AMEL 3","CRJ") -> #REF! | K8: ARFIN SENO HASTIAN | O8: AMRIZAL GUSFANI | S8: ARIF FIKRY ABDUL MUBAROK
K9: BAYU HANDOYO | O9: DINANDA AGIL PRAKOSO | S9: ARIFIN
K10: DAFFA HAUZAN | O10: FAJRIN SARSONO | S10: DIMAS ANGGORO
K11: DIMAS SURYO PERSODO | O11: FIQRI RAKA FADILLAH | S11: ENGGAR DWI KUNCORO
K12: FEBI FERDIANSYAH | O12: GENTA PRAMUDITA | S12: JAMALLULLAEL NILAI BASTANTA BONANI PASOGIT
K13: MEILINDA SURYANI | O13: MUHAMMAD LUTHFI WIDIANTO | S13: M. ASIS
K14: OSSA FAUZI | O14: PANGERAN RAIHAN RANGKUTI | S14: RIZKY FAUZI
K15: RIZAL AZIS | O15: RADEN RUDIANSYAH | S15: YONAZ HAND
K16: Grand Total | O16: RAKHA VIVALDI NOVALLINO | S16: Grand Total
O17: RISKY SAPUTRA ARMAN
O18: RONY ERYA WARDANA
K19: Row Labels | L19: Count of Type Rating Level III Training | O19: SATRIA WIJAYANTO
K20: ARFIN SENO HASTIAN | L20: Tdk punya GL | O20: YANA SUPRIATNA
K21: BAYU HANDOYO | L21: Tdk punya GL | O21: YOGI CATUR
K22: DAFFA HAUZAN | L22: Tdk punya GL | O22: Grand Total
K23: DIMAS SURYO PERSODO | L23: Tdk punya GL
K24: FEBI FERDIANSYAH | L24: Tdk punya GL
K25: MEILINDA SURYANI | L25: Punya GL
K26: OSSA FAUZI | L26: Tdk punya GL
K27: RIZAL AZIS | L27: Tdk punya GL
A31: M STAMP
A32: New Unit | B32: (Multiple Items) | D32: M Stamp | E32: =COUNTA(A37:A42) -> 6 | O32: Row Labels | P32: Count of AMEL No | Q32: Status
A33: Job Title | B33: (Multiple Items) | D33: Type Rating | E33: =COUNTA(K8:K15) -> 8 | O33: AMRIZAL GUSFANI | Q33: Menunggu dameer
A34: Stamp No | B34: (blank) | D34: AMEL | E34: =COUNTA(O8:O26) -> 15 | O34: DANAN TRIAWAN | Q34: Assessment tgl 10 Nov
D35: I Stamp | E35: =COUNTA(S8:S15) -> 8 | O35: DINANDA AGIL PRAKOSO | Q35: STE 50%
A36: Row Labels | B36: Count of Stamp No | O36: FAJRIN SARSONO | Q36: Progress, janji akhir tahun apply
A37: ACHMAD FAHRUL AMRY | O37: FIQRI RAKA FADILLAH
A38: DWIKI FAHREZA ANDREANTO | O38: GENTA PRAMUDITA | Q38: Progres pengajuan, ada revisi PEL, waiting update
A39: JAVIER BENYAMIN CASSANOVA TALAKUA | O39: ILHAM NUGRAHA | Q39: Assessment 3 Des
A40: MUHAMAD DUSTIRANSA TAQWA | O40: M FIKRI ADRIAN | Q40: Assessment 3 Des | S40: Sudah Rating B737 tapi GL baru terbit, Tanggal Penerbitan tidak sesuai dengan tanggal lulus karena baru diajukan oleh THW
A41: MUHAMMAD RINALDI HIDAYAT | O41: MUHAMMAD LUTHFI WIDIANTO | Q41: Expired Need Refreshing
A42: RINDA SAFANA LINGGI | O42: PANGERAN RAIHAN RANGKUTI | Q42: GL Fisik Tidak ada
A43: AJI SATRIO RAMADHAN | O43: PEGGY ASRUL SANI | Q43: Assessment tgl 14 Nov
A44: NOVAL DWI KURNIANTO | O44: RADEN RUDIANSYAH | Q44: A320 nya fail
A45: YONASTIO DANAR WIDHIADI | O45: RAKHA VIVALDI NOVALLINO | Q45: Sudah Rating A330 tapi karena GL kemarin masih di DKU jd belum bisa mengajukan dan hampir selesai masa tunggu pengajuan AMEL
A46: ALFIAN BRANANTYO | O46: RISKY SAPUTRA ARMAN
A47: EGAR CAHYA PANGESTU | O47: RONY ERYA WARDANA
A48: MU'AMMAR RIZKY SANFARDIZAL | O48: SATRIA WIJAYANTO | Q48: Case GL baru keluar, jadi perlu Type rating training lagi, Sudah Rating B737 tapi GL baru terbit, Tanggal Penerbitan tidak sesuai dengan tanggal lulus karena baru diajukan oleh THW
A49: Grand Total | O49: YANA SUPRIATNA | Q49: A320 nya gak jadi, krena minim scope di A320, sering di IFE & GA trs dulu. Salah penempatan rating nya mnger terdahulu
O50: YOGI CATUR
O51: YOSEP APISENA | Q51: Assessment tgl 13 Okt

Sheet Pivot AMEL
L1: Typ | M1: 2 | N1: 1 | O1: 3 | P1: Total
L2: A330 | M2: 1 | N2: =GETPIVOTDATA("AMEL 1",$A$20,"AMEL 1","A330") -> 28 | P2: =SUM(M2:O2) -> 29
A3: Row Labels | B3: Count of 1 | D3: Row Labels | E3: Count of 2 | G3: Row Labels | H3: Count of 3 | L3: B737 | M3: 1 | N3: =GETPIVOTDATA("AMEL 1",$A$20,"AMEL 1","B737") -> 24 | P3: =SUM(M3:O3) -> 25
A4: A320 | B4: 22 | D4: A320 | E4: 9 | G4: A320 Neo | H4: 2 | I4: =GETPIVOTDATA("3",$G$3,"3","A320 Neo") -> 2 | L4: A320 | M4: 6 | N4: =GETPIVOTDATA("AMEL 1",$A$20,"AMEL 1","A320") -> 16 | P4: =SUM(M4:O4) -> 22
A5: A330 | B5: 31 | D5: A320 Neo | E5: 10 | G5: A330 NEO | H5: 1 | I5: =GETPIVOTDATA("3",$G$3,"3","A330 NEO") -> 1 | L5: A330 Neo | M5: 10 | O5: =GETPIVOTDATA("AMEL 3",$G$20,"AMEL 3","A330 Neo, A320 Neo") -> 1 | P5: =SUM(M5:O5) -> 11
A6: ATR | B6: 3 | D6: A330 | E6: 3 | G6: A330 Neo, A320 Neo | H6: 1 | I6: =GETPIVOTDATA("3",$G$3,"3","A330 Neo, A320 Neo")-GETPIVOTDATA("AMEL 3",$G$20,"AMEL 3","A330 Neo, A320 Neo") -> 0 | L6: B777 | M6: 1 | N6: =GETPIVOTDATA("AMEL 1",$A$20,"AMEL 1","B777") -> 9 | P6: =SUM(M6:O6) -> 10
A7: B737 | B7: 26 | D7: A330 Neo | E7: 16 | G7: B737 MAX | H7: 1 | I7: =GETPIVOTDATA("3",$G$3,"3","B737 MAX") -> 1 | L7: A320 Neo | M7: 6 | O7: =GETPIVOTDATA("AMEL 3",$G$20,"AMEL 3","A330 Neo, A320 Neo") -> 1 | P7: =SUM(M7:O7) -> 7
A8: B777 | B8: 12 | D8: ATR | E8: 2 | G8: CRJ | H8: 1 | I8: =GETPIVOTDATA("3",$G$3,"3","CRJ")-GETPIVOTDATA("AMEL 3",$G$20,"AMEL 3","CRJ") -> 0 | L8: CRJ | M8: 1 | N8: =GETPIVOTDATA("AMEL 1",$A$20,"AMEL 1","CRJ") -> 3 | O8: =GETPIVOTDATA("AMEL 3",$G$20,"AMEL 3","CRJ") -> 1 | P8: =SUM(M8:O8) -> 5
A9: CRJ | B9: 3 | D9: B737 | E9: 2 | G9: (blank) | L9: ATR | M9: 1 | N9: =GETPIVOTDATA("AMEL 1",$A$20,"AMEL 1","ATR") -> 3 | P9: =SUM(M9:O9) -> 4
A10: (blank) | D10: B737 Max | E10: 2 | G10: Grand Total | H10: 6 | L10: B737 Max | M10: 1 | P10: =SUM(M10:O10) -> 1
A11: Grand Total | B11: 97 | D11: B777 | E11: 4
D12: CRJ | E12: 1
D13: (blank)
D14: Grand Total | E14: 49
A20: Row Labels | B20: Count of AMEL 1 | D20: Row Labels | E20: Count of AMEL 2 | G20: Row Labels | H20: Count of AMEL 3
A21: A320 | B21: 16 | C21: =GETPIVOTDATA("1",$A$3,"1","A320")-GETPIVOTDATA("AMEL 1",$A$20,"AMEL 1","A320") -> 6 | D21: A320 | E21: 6 | F21: =GETPIVOTDATA("2",$D$3,"2","A320")-GETPIVOTDATA("AMEL 2",$D$20,"AMEL 2","A320") -> 3 | G21: A330 Neo, A320 Neo | H21: 1
A22: A330 | B22: 28 | C22: =GETPIVOTDATA("1",$A$3,"1","A330")-GETPIVOTDATA("AMEL 1",$A$20,"AMEL 1","A330") -> 3 | D22: A320 Neo | E22: 6 | F22: =GETPIVOTDATA("2",$D$3,"2","A320 Neo")-GETPIVOTDATA("AMEL 2",$D$20,"AMEL 2","A320 Neo") -> 4 | G22: CRJ | H22: 1
A23: ATR | B23: 3 | C23: =GETPIVOTDATA("1",$A$3,"1","ATR")-GETPIVOTDATA("AMEL 1",$A$20,"AMEL 1","ATR") -> 0 | D23: A330 | E23: 1 | F23: =GETPIVOTDATA("2",$D$3,"2","A330")-GETPIVOTDATA("AMEL 2",$D$20,"AMEL 2","A330") -> 2 | G23: (blank)
A24: B737 | B24: 24 | C24: =GETPIVOTDATA("1",$A$3,"1","B737")-GETPIVOTDATA("AMEL 1",$A$20,"AMEL 1","B737") -> 2 | D24: A330 Neo | E24: 10 | F24: =GETPIVOTDATA("2",$D$3,"2","A330 Neo")-GETPIVOTDATA("AMEL 2",$D$20,"AMEL 2","A330 Neo") -> 6 | G24: Grand Total | H24: 2
A25: B777 | B25: 9 | C25: =GETPIVOTDATA("1",$A$3,"1","B777")-GETPIVOTDATA("AMEL 1",$A$20,"AMEL 1","B777") -> 3 | D25: ATR | E25: 1 | F25: =GETPIVOTDATA("2",$D$3,"2","ATR")-GETPIVOTDATA("AMEL 2",$D$20,"AMEL 2","ATR") -> 1
A26: CRJ | B26: 3 | C26: =GETPIVOTDATA("1",$A$3,"1","CRJ")-GETPIVOTDATA("AMEL 1",$A$20,"AMEL 1","CRJ") -> 0 | D26: B737 | E26: 1 | F26: =GETPIVOTDATA("2",$D$3,"2","B737")-GETPIVOTDATA("AMEL 2",$D$20,"AMEL 2","B737") -> 1
A27: (blank) | D27: B737 Max | E27: 1 | F27: =GETPIVOTDATA("2",$D$3,"2","B737 Max")-GETPIVOTDATA("AMEL 2",$D$20,"AMEL 2","B737 Max") -> 1
A28: Grand Total | B28: 83 | D28: B777 | E28: 1 | F28: =GETPIVOTDATA("2",$D$3,"2","B777")-GETPIVOTDATA("AMEL 2",$D$20,"AMEL 2","B777") -> 3
D29: CRJ | E29: 1 | F29: =GETPIVOTDATA("2",$D$3,"2","CRJ")-GETPIVOTDATA("AMEL 2",$D$20,"AMEL 2","CRJ") -> 0
D30: (blank)
D31: Grand Total | E31: 28
A34: A320 | B34: 6 | C34: =GETPIVOTDATA("AMEL 1",$A$20,"AMEL 1","A320") -> 16 | E34: =SUM(B34:D34) -> 22
A35: A320 Neo | B35: 6 | D35: =GETPIVOTDATA("AMEL 3",$G$20,"AMEL 3","A330 Neo, A320 Neo") -> 1 | E35: =SUM(B35:D35) -> 7
A36: A330 | B36: 1 | C36: =GETPIVOTDATA("AMEL 1",$A$20,"AMEL 1","A330") -> 28 | E36: =SUM(B36:D36) -> 29
A37: A330 Neo | B37: 10 | D37: =GETPIVOTDATA("AMEL 3",$G$20,"AMEL 3","A330 Neo, A320 Neo") -> 1 | E37: =SUM(B37:D37) -> 11
A38: ATR | B38: 1 | C38: =GETPIVOTDATA("AMEL 1",$A$20,"AMEL 1","ATR") -> 3 | E38: =SUM(B38:D38) -> 4
A39: B737 | B39: 1 | C39: =GETPIVOTDATA("AMEL 1",$A$20,"AMEL 1","B737") -> 24 | E39: =SUM(B39:D39) -> 25
A40: B737 Max | B40: 1 | E40: =SUM(B40:D40) -> 1
A41: B777 | B41: 1 | C41: =GETPIVOTDATA("AMEL 1",$A$20,"AMEL 1","B777") -> 9 | E41: =SUM(B41:D41) -> 10
A42: CRJ | B42: 1 | C42: =GETPIVOTDATA("AMEL 1",$A$20,"AMEL 1","CRJ") -> 3 | D42: =GETPIVOTDATA("AMEL 3",$G$20,"AMEL 3","CRJ") -> 1 | E42: =SUM(B42:D42) -> 5
A43: (blank)

Sheet Sheet3
A3: Count of AMEL 1 | B3: Column Labels
A4: Row Labels | B4: A320 | C4: A330 | D4: ATR | E4: B737 | F4: B777 | G4: CRJ | H4: (blank) | I4: Grand Total
A5: JKTTN
A6: JKTTNL
A7: JKTTNL-1 | B7: 1 | C7: 3 | E7: 3 | F7: 2 | G7: 1 | I7: 10
A8: JKTTNL-2 | B8: 3 | C8: 5 | D8: 1 | E8: 2 | F8: 1 | I8: 12
A9: JKTTNL-3 | B9: 3 | C9: 2 | D9: 1 | E9: 4 | F9: 1 | I9: 11
A10: JKTTNL-4 | B10: 1 | C10: 3 | D10: 1 | E10: 3 | F10: 2 | I10: 10
A11: JKTTNL-5 | B11: 4 | C11: 4 | E11: 3 | F11: 1 | I11: 12
A12: JKTTNL-6 | B12: 4 | C12: 7 | E12: 6 | F12: 1 | G12: 1 | I12: 19
A13: JKTTNL-7 | C13: 1 | I13: 1
A14: JKTTNP | C14: 2 | G14: 1 | I14: 3
A15: JKTTNP-1
A16: JKTTNP-2
A17: JKTTNP-3 | C17: 1 | E17: 3 | F17: 1 | I17: 5
A18: JKTTNP-4
A19: Grand Total | B19: 16 | C19: 28 | D19: 3 | E19: 24 | F19: 9 | G19: 3 | I19: 83
A23: Count of AMEL 1 | B23: Column Labels
A24: Row Labels | B24: A320 | C24: A330 | D24: ATR | E24: B737 | F24: B777 | G24: CRJ | H24: (blank) | I24: Grand Total
A25: JKTTN
A26: JKTTNL
A27: JKTTNL-1 | B27: 1 | C27: 3 | E27: 3 | F27: 2 | G27: 1 | I27: 10
A28: JKTTNL-2 | B28: 3 | C28: 5 | D28: 1 | E28: 2 | F28: 1 | I28: 12
A29: JKTTNL-3 | B29: 3 | C29: 2 | D29: 1 | E29: 4 | F29: 1 | I29: 11
A30: JKTTNL-4 | B30: 1 | C30: 3 | D30: 1 | E30: 3 | F30: 2 | I30: 10
A31: JKTTNL-5 | B31: 4 | C31: 4 | E31: 3 | F31: 1 | I31: 12
A32: JKTTNL-6 | B32: 4 | C32: 7 | E32: 6 | F32: 1 | G32: 1 | I32: 19
A33: JKTTNL-7 | C33: 1 | I33: 1
A34: JKTTNP | C34: 2 | G34: 1 | I34: 3
A35: JKTTNP-1
A36: JKTTNP-2
A37: JKTTNP-3 | C37: 1 | E37: 3 | F37: 1 | I37: 5
A38: JKTTNP-4
A39: Grand Total | B39: 16 | C39: 28 | D39: 3 | E39: 24 | F39: 9 | G39: 3 | I39: 83

Sheet TrainingData
A2: No | B2: Emp ID | C2: Name | D2: Job Title | E2: Group | F2: Unit | G2: New Unit | H2: Human Factor | I2: HF Status | J2: Safety Management System | K2: SMS Status | L2: GMF Quality System | M2: QS Status | N2: CASR Part 145 | O2: CASR Status | P2: FAR Part 145 | Q2: FAR Status | R2: EASA Part 145 | S2: EASA Status | T2: EASA Part M | U2: Part M Status | V2: Fuel Tank Safety | W2: FTS Status | X2: EWIS | Y2: EWIS Status | Z2: Dangerous Good | AA2: DG Status | AB2: ADTH | AC2: Basic Inspection | AD2: Basic Supervisory Training | AE2: Certifying Staff | AF2: Fundamental Troubleshooting | AG2: Training of Trainer | AH2: Basic Planning | AI2: Basic Engineering | AJ2: Aircraft Familiarization | AK2: GMF Logistic Business | AL2: Warehouse Management | AM2: Material Handling | AN2: Aircraft Exterior & Interior Cleaning | AO2: GSE Type Rating | AP2: Aviation Legislation Module 10 | AQ2: Leadership Skill Training | AR2: MRO Management | AS2: MRO Finance | AT2: Project Management basic | AU2: OLP | AV2: Office Administration | AW2: Basic Accounting Module | AX2: Service Excelent | AY2: Management for Secretary | AZ2: RII | BA2: Lead Auditor Course | BB2: SWIFT Training | BC2: IFE | BD2: Orientation Training | BE2: BCT | BF2: BAM | BG2: BATK | BH2: GAK | BI2: Type Rating Level III Training | BJ2: 1 | BK2: 2 | BL2: 3 | BM2: Simplified Technical English | BN2: Radio Telephony | BO2: B737 BCF | BP2: Mandatory for Supporting | BQ2: Req Training | BR2: Completed Training | BS2: Achievement | BT2: Training Achivement | BU2: Employee Category | BV2: General Lic. | BW2: AMEL 1 | BX2: AMEL 2 | BY2: AMEL 3 | BZ2: AMEL No | CA2: AMEL Qty | CB2: CS No | CC2: Stamp No | CD2: AMEL Validity | CE2: AMEL Status | CF2: CS Validity | CG2: Stamp Validity | CH2: Stamp Status | CI2: Eligibility ACE | CJ2: Eligibility SACE
A3: 1 | B3: 533380 | C3: DIAHYANI PUTRI | D3: Group Head | E3: p401 | F3: JKTTLF | G3: JKTTN | H3: 46925 | I3: =IF( _xlfn.XLOOKUP($D3 & "-" & H$2, 'TrainingReq (Ach)'!G:G, 'TrainingReq (Ach)'!F:F, "2-Year") = "Forever", "Valid", IF(H3="", "Not Trained", IF(H3 < TODAY() - 1, "Expired", IF(H3 <= TODAY() + 90, "Expiring", "Valid") ) ) ) -> Valid | J3: 46925 | K3: =IF( _xlfn.XLOOKUP($D3 & "-" & J$2, 'TrainingReq (Ach)'!G:G, 'TrainingReq (Ach)'!F:F, "2-Year") = "Forever", "Valid", IF(J3="", "Not Trained", IF(J3 < TODAY() - 1, "Expired", IF(J3 <= TODAY() + 90, "Expiring", "Valid") ) ) ) -> Valid | L3: 44692 | M3: =IF( _xlfn.XLOOKUP($D3 & "-" & L$2, TrainingMan!$G:$G, TrainingMan!$F:$F, "2-Year") = "Forever", "Valid", IF(L3="", "Not Trained", IF(L3 < TODAY() - 1, "Expired", IF(L3 <= TODAY() + 90, "Expiring", "Valid") ) ) ) -> Valid | O3: =IF( _xlfn.XLOOKUP($D3 & "-" & N$2, TrainingMan!$G:$G, TrainingMan!$F:$F, "2-Year") = "Forever", "Valid", IF(N3="", "Not Trained", IF(N3 < TODAY() - 1, "Expired", IF(N3 <= TODAY() + 90, "Expiring", "Valid") ) ) ) -> Valid | Q3: =IF( _xlfn.XLOOKUP($D3 & "-" & P$2, TrainingMan!$G:$G, TrainingMan!$F:$F, "2-Year") = "Forever", "Valid", IF(P3="", "Not Trained", IF(P3 < TODAY() - 1, "Expired", IF(P3 <= TODAY() + 90, "Expiring", "Valid") ) ) ) -> Valid | S3: =IF( _xlfn.XLOOKUP($D3 & "-" & R$2, TrainingMan!$G:$G, TrainingMan!$F:$F, "2-Year") = "Forever", "Valid", IF(R3="", "Not Trained", IF(R3 < TODAY() - 1, "Expired", IF(R3 <= TODAY() + 90, "Expiring", "Valid") ) ) ) -> Valid | T3: 42450 | U3: =IF( _xlfn.XLOOKUP($D3 & "-" & T$2, TrainingMan!$G:$G, TrainingMan!$F:$F, "2-Year") = "Forever", "Valid", IF(T3="", "Not Trained", IF(T3 < TODAY() - 1, "Expired", IF(T3 <= TODAY() + 90, "Expiring", "Valid") ) ) ) -> Valid | V3: 42352 | W3: =IF( _xlfn.XLOOKUP($D3 & "-" & V$2, TrainingMan!$G:$G, TrainingMan!$F:$F, "2-Year") = "Forever", "Valid", IF(V3="", "Not Trained", IF(V3 < TODAY() - 1, "Expired", IF(V3 <= TODAY() + 90, "Expiring", "Valid") ) ) ) -> Valid | Y3: =IF( _xlfn.XLOOKUP($D3 & "-" & X$2, TrainingMan!$G:$G, TrainingMan!$F:$F, "2-Year") = "Forever", "Valid", IF(X3="", "Not Trained", IF(X3 < TODAY() - 1, "Expired", IF(X3 <= TODAY() + 90, "Expiring", "Valid") ) ) ) -> Valid | Z3: 42367 | AA3: =IF(LEN(TRIM(Z3)) = 0, "Not Trained", IF(_xlfn.XLOOKUP($D3 & "-" & Z$2, TrainingMan!$G:$G, TrainingMan!$F:$F, "2-Year") = "Forever", "Valid", IF(Z3 < TODAY() - 1, "Expired", IF(Z3 <= TODAY() + 90, "Expiring", "Valid") ) ) ) -> Valid | AQ3: 43203 | AS3: 45073 | AZ3: 2012-09-20 | BA3: 2012-04-04 | BD3: 2024-12-31 | BG3: 40735 | BQ3: =COUNTIF('TrainingReq (Ach)'!B:B,Table13[[#This Row],[Job Title]]) -> 2 | BR3: {=SUMPRODUCT( COUNTIFS( ValidityMatrix[Job Title], Table13[[#This Row],[Job Title]], ValidityMatrix[Training Type], Table13[[#Headers],[Human Factor]:[Mandatory for Supporting]] ), --(Table13[[#This Row],[Human Factor]:[Mandatory for Supporting]]<>""), --(Table13[[#This Row],[Human Factor]:[Mandatory for Supporting]]<>"Not Trained") )} -> 2 | BS3: =BR3/BQ3 -> 1 | BT3: 75.00% | BU3: INDIRECT | CE3: =IF( _xlfn.XLOOKUP($D3 & "-" & CD$2, 'TrainingReq (Ach)'!$G:$G, 'TrainingReq (Ach)'!$F:$F, "2-Year") = "Forever", "Valid", IF(CD3="", "Not Trained", IF(CD3 < TODAY() - 1, "Expired", IF(CD3 <= TODAY() + 90, "Expiring", "Valid") ) ) ) -> Not Trained | CF3: null | CH3: =IF( _xlfn.XLOOKUP($D3 & "-" & CF$2, '[1]TrainingReq (Ach)'!$G:$G, '[1]TrainingReq (Ach)'!$F:$F, "2-Year") = "Forever", "Valid", IF(CF3="", "Not Trained", IF(CF3 < TODAY() - 1, "Expired", IF(CF3 <= TODAY() + 90, "Expiring", "Valid") ) ) ) -> Valid | CI3: =IF(BW3<>"","Eligible","Not eligible") -> Not eligible | CJ3: =IF(BX3<>"","Eligible","Not eligible") -> Not eligible
A4: 2 | B4: 783543 | C4: YULIA IRAWATI | D4: SECRETARY | G4: JKTTN | H4: 46655 | I4: =IF( _xlfn.XLOOKUP($D4 & "-" & H$2, 'TrainingReq (Ach)'!G:G, 'TrainingReq (Ach)'!F:F, "2-Year") = "Forever", "Valid", IF(H4="", "Not Trained", IF(H4 < TODAY() - 1, "Expired", IF(H4 <= TODAY() + 90, "Expiring", "Valid") ) ) ) -> Valid | J4: 46655 | K4: =IF( _xlfn.XLOOKUP($D4 & "-" & J$2, 'TrainingReq (Ach)'!G:G, 'TrainingReq (Ach)'!F:F, "2-Year") = "Forever", "Valid", IF(J4="", "Not Trained", IF(J4 < TODAY() - 1, "Expired", IF(J4 <= TODAY() + 90, "Expiring", "Valid") ) ) ) -> Valid | L4: 46655 | M4: =IF( _xlfn.XLOOKUP($D4 & "-" & L$2, TrainingMan!$G:$G, TrainingMan!$F:$F, "2-Year") = "Forever", "Valid", IF(L4="", "Not Trained", IF(L4 < TODAY() - 1, "Expired", IF(L4 <= TODAY() + 90, "Expiring", "Valid") ) ) ) -> Valid | BD4: 45965 | BH4: 46041 | BQ4: =COUNTIF('TrainingReq (Ach)'!B:B,Table13[[#This Row],[Job Title]]) -> 3 | BR4: {=SUMPRODUCT( COUNTIFS( ValidityMatrix[Job Title], Table13[[#This Row],[Job Title]], ValidityMatrix[Training Type], Table13[[#Headers],[Human Factor]:[Mandatory for Supporting]] ), --(Table13[[#This Row],[Human Factor]:[Mandatory for Supporting]]<>""), --(Table13[[#This Row],[Human Factor]:[Mandatory for Supporting]]<>"Not Trained") )} -> 3 | BS4: =BR4/BQ4 -> 1 | CE4: =IF( _xlfn.XLOOKUP($D4 & "-" & CD$2, 'TrainingReq (Ach)'!$G:$G, 'TrainingReq (Ach)'!$F:$F, "2-Year") = "Forever", "Valid", IF(CD4="", "Not Trained", IF(CD4 < TODAY() - 1, "Expired", IF(CD4 <= TODAY() + 90, "Expiring", "Valid") ) ) ) -> Not Trained | CH4: =IF( _xlfn.XLOOKUP($D3 & "-" & CG$2, 'TrainingReq (Ach)'!$G:$G, 'TrainingReq (Ach)'!$F:$F, "2-Year") = "Forever", "Valid", IF(CG3="", "Not Trained", IF(CG3 < TODAY() - 1, "Expired", IF(CG3 <= TODAY() + 90, "Expiring", "Valid") ) ) ) -> Not Trained | CI4: =IF(BW4<>"","Eligible","Not eligible") -> Not eligible | CJ4: =IF(BX4<>"","Eligible","Not eligible") -> Not eligible
A5: 3 | B5: 532995 | C5: ARYO BAGUS SAMUDRO | D5: Division Head | G5: JKTTNL | H5: 46288 | I5: =IF( _xlfn.XLOOKUP($D5 & "-" & H$2, 'TrainingReq (Ach)'!G:G, 'TrainingReq (Ach)'!F:F, "2-Year") = "Forever", "Valid", IF(H5="", "Not Trained", IF(H5 < TODAY() - 1, "Expired", IF(H5 <= TODAY() + 90, "Expiring", "Valid") ) ) ) -> Expiring | J5: 46288 | K5: =IF( _xlfn.XLOOKUP($D5 & "-" & J$2, 'TrainingReq (Ach)'!G:G, 'TrainingReq (Ach)'!F:F, "2-Year") = "Forever", "Valid", IF(J5="", "Not Trained", IF(J5 < TODAY() - 1, "Expired", IF(J5 <= TODAY() + 90, "Expiring", "Valid") ) ) ) -> Expiring | L5: 43370 | M5: =IF( _xlfn.XLOOKUP($D5 & "-" & L$2, TrainingMan!$G:$G, TrainingMan!$F:$F, "2-Year") = "Forever", "Valid", IF(L5="", "Not Trained", IF(L5 < TODAY() - 1, "Expired", IF(L5 <= TODAY() + 90, "Expiring", "Valid") ) ) ) -> Valid | N5: 46443 | O5: =IF( _xlfn.XLOOKUP($D5 & "-" & N$2, TrainingMan!$G:$G, TrainingMan!$F:$F, "2-Year") = "Forever", "Valid", IF(N5="", "Not Trained", IF(N5 < TODAY() - 1, "Expired", IF(N5 <= TODAY() + 90, "Expiring", "Valid") ) ) ) -> Valid | P5: 46443 | Q5: =IF( _xlfn.XLOOKUP($D5 & "-" & P$2, TrainingMan!$G:$G, TrainingMan!$F:$F, "2-Year") = "Forever", "Valid", IF(P5="", "Not Trained", IF(P5 < TODAY() - 1, "Expired", IF(P5 <= TODAY() + 90, "Expiring", "Valid") ) ) ) -> Valid | R5: 46443 | S5: =IF( _xlfn.XLOOKUP($D5 & "-" & R$2, TrainingMan!$G:$G, TrainingMan!$F:$F, "2-Year") = "Forever", "Valid", IF(R5="", "Not Trained", IF(R5 < TODAY() - 1, "Expired", IF(R5 <= TODAY() + 90, "Expiring", "Valid") ) ) ) -> Valid | T5: 46443 | U5: =IF( _xlfn.XLOOKUP($D5 & "-" & T$2, TrainingMan!$G:$G, TrainingMan!$F:$F, "2-Year") = "Forever", "Valid", IF(T5="", "Not Trained", IF(T5 < TODAY() - 1, "Expired", IF(T5 <= TODAY() + 90, "Expiring", "Valid") ) ) ) -> Valid | V5: 44112 | W5: =IF( _xlfn.XLOOKUP($D5 & "-" & V$2, TrainingMan!$G:$G, TrainingMan!$F:$F, "2-Year") = "Forever", "Valid", IF(V5="", "Not Trained", IF(V5 < TODAY() - 1, "Expired", IF(V5 <= TODAY() + 90, "Expiring", "Valid") ) ) ) -> Valid | X5: 41982 | Y5: =IF( _xlfn.XLOOKUP($D5 & "-" & X$2, TrainingMan!$G:$G, TrainingMan!$F:$F, "2-Year") = "Forever", "Valid", IF(X5="", "Not Trained", IF(X5 < TODAY() - 1, "Expired", IF(X5 <= TODAY() + 90, "Expiring", "Valid") ) ) ) -> Valid | Z5: 42611 | AA5: =IF(LEN(TRIM(Z5)) = 0, "Not Trained", IF(_xlfn.XLOOKUP($D5 & "-" & Z$2, TrainingMan!$G:$G, TrainingMan!$F:$F, "2-Year") = "Forever", "Valid", IF(Z5 < TODAY() - 1, "Expired", IF(Z5 <= TODAY() + 90, "Expiring", "Valid") ) ) ) -> Valid | AD5: 45728 | AG5: 45217 | AH5: 40644 | AP5: 45268 | AQ5: 42620 | AR5: 42669 | AS5: 42842 | AU5: 45467 | BD5: 45427 | BG5: 40560 | BQ5: =COUNTIF('TrainingReq (Ach)'!B:B,Table13[[#This Row],[Job Title]]) -> 12 | BR5: {=SUMPRODUCT( COUNTIFS( ValidityMatrix[Job Title], Table13[[#This Row],[Job Title]], ValidityMatrix[Training Type], Table13[[#Headers],[Human Factor]:[Mandatory for Supporting]] ), --(Table13[[#This Row],[Human Factor]:[Mandatory for Supporting]]<>""), --(Table13[[#This Row],[Human Factor]:[Mandatory for Supporting]]<>"Not Trained") )} -> 12 | BS5: =BR5/BQ5 -> 1 | CE5: =IF( _xlfn.XLOOKUP($D5 & "-" & CD$2, 'TrainingReq (Ach)'!$G:$G, 'TrainingReq (Ach)'!$F:$F, "2-Year") = "Forever", "Valid", IF(CD5="", "Not Trained", IF(CD5 < TODAY() - 1, "Expired", IF(CD5 <= TODAY() + 90, "Expiring", "Valid") ) ) ) -> Not Trained | CH5: =IF( _xlfn.XLOOKUP($D4 & "-" & CG$2, 'TrainingReq (Ach)'!$G:$G, 'TrainingReq (Ach)'!$F:$F, "2-Year") = "Forever", "Valid", IF(CG4="", "Not Trained", IF(CG4 < TODAY() - 1, "Expired", IF(CG4 <= TODAY() + 90, "Expiring", "Valid") ) ) ) -> Not Trained | CI5: =IF(BW5<>"","Eligible","Not eligible") -> Not eligible | CJ5: =IF(BX5<>"","Eligible","Not eligible") -> Not eligible
A6: 4 | B6: 581071 | C6: JERRY HAIKAL PAPUDI | D6: AIRCRAFT CABIN ENGINEER | E6: p414 | F6: JKTTLF-1 | G6: JKTTNL-1 | H6: 46514 | I6: =IF( _xlfn.XLOOKUP($D6 & "-" & H$2, 'TrainingReq (Ach)'!G:G, 'TrainingReq (Ach)'!F:F, "2-Year") = "Forever", "Valid", IF(H6="", "Not Trained", IF(H6 < TODAY() - 1, "Expired", IF(H6 <= TODAY() + 90, "Expiring", "Valid") ) ) ) -> Valid | J6: 46514 | K6: =IF( _xlfn.XLOOKUP($D6 & "-" & J$2, 'TrainingReq (Ach)'!G:G, 'TrainingReq (Ach)'!F:F, "2-Year") = "Forever", "Valid", IF(J6="", "Not Trained", IF(J6 < TODAY() - 1, "Expired", IF(J6 <= TODAY() + 90, "Expiring", "Valid") ) ) ) -> Valid | L6: 46501 | M6: =IF( _xlfn.XLOOKUP($D6 & "-" & L$2, TrainingMan!$G:$G, TrainingMan!$F:$F, "2-Year") = "Forever", "Valid", IF(L6="", "Not Trained", IF(L6 < TODAY() - 1, "Expired", IF(L6 <= TODAY() + 90, "Expiring", "Valid") ) ) ) -> Valid | N6: 46501 | O6: =IF( _xlfn.XLOOKUP($D6 & "-" & N$2, TrainingMan!$G:$G, TrainingMan!$F:$F, "2-Year") = "Forever", "Valid", IF(N6="", "Not Trained", IF(N6 < TODAY() - 1, "Expired", IF(N6 <= TODAY() + 90, "Expiring", "Valid") ) ) ) -> Valid | P6: 46501 | Q6: =IF( _xlfn.XLOOKUP($D6 & "-" & P$2, TrainingMan!$G:$G, TrainingMan!$F:$F, "2-Year") = "Forever", "Valid", IF(P6="", "Not Trained", IF(P6 < TODAY() - 1, "Expired", IF(P6 <= TODAY() + 90, "Expiring", "Valid") ) ) ) -> Valid | R6: 46501 | S6: =IF( _xlfn.XLOOKUP($D6 & "-" & R$2, TrainingMan!$G:$G, TrainingMan!$F:$F, "2-Year") = "Forever", "Valid", IF(R6="", "Not Trained", IF(R6 < TODAY() - 1, "Expired", IF(R6 <= TODAY() + 90, "Expiring", "Valid") ) ) ) -> Valid | T6: 46501 | U6: =IF( _xlfn.XLOOKUP($D6 & "-" & T$2, TrainingMan!$G:$G, TrainingMan!$F:$F, "2-Year") = "Forever", "Valid", IF(T6="", "Not Trained", IF(T6 < TODAY() - 1, "Expired", IF(T6 <= TODAY() + 90, "Expiring", "Valid") ) ) ) -> Valid | V6: 46501 | W6: =IF( _xlfn.XLOOKUP($D6 & "-" & V$2, TrainingMan!$G:$G, TrainingMan!$F:$F, "2-Year") = "Forever", "Valid", IF(V6="", "Not Trained", IF(V6 < TODAY() - 1, "Expired", IF(V6 <= TODAY() + 90, "Expiring", "Valid") ) ) ) -> Valid | X6: 46501 | Y6: =IF( _xlfn.XLOOKUP($D6 & "-" & X$2, TrainingMan!$G:$G, TrainingMan!$F:$F, "2-Year") = "Forever", "Valid", IF(X6="", "Not Trained", IF(X6 < TODAY() - 1, "Expired", IF(X6 <= TODAY() + 90, "Expiring", "Valid") ) ) ) -> Valid | Z6: 45281 | AA6: =IF(LEN(TRIM(Z6)) = 0, "Not Trained", IF(_xlfn.XLOOKUP($D6 & "-" & Z$2, TrainingMan!$G:$G, TrainingMan!$F:$F, "2-Year") = "Forever", "Valid", IF(Z6 < TODAY() - 1, "Expired", IF(Z6 <= TODAY() + 90, "Expiring", "Valid") ) ) ) -> Valid | AB6: 42445 | AC6: 43429 | AD6: 44624 | AE6: 44620 | AF6: 45683 | BB6: 46074 | BD6: 2024-04-03 | BF6: 41991 | BI6: 45558 | BJ6: A330 | BK6: CRJ | BQ6: =COUNTIF('TrainingReq (Ach)'!B:B,Table13[[#This Row],[Job Title]]) -> 15 | BR6: {=SUMPRODUCT( COUNTIFS( ValidityMatrix[Job Title], Table13[[#This Row],[Job Title]], ValidityMatrix[Training Type], Table13[[#Headers],[Human Factor]:[Mandatory for Supporting]] ), --(Table13[[#This Row],[Human Factor]:[Mandatory for Supporting]]<>""), --(Table13[[#This Row],[Human Factor]:[Mandatory for Supporting]]<>"Not Trained") )} -> 15 | BS6: =BR6/BQ6 -> 1 | BT6: 100.00% | BU6: DIRECT | BW6: A330 | BX6: CRJ | BZ6: 10104 | CC6: I.A10104 | CD6: 47196 | CE6: =IF( _xlfn.XLOOKUP($D6 & "-" & CD$2, 'TrainingReq (Ach)'!$G:$G, 'TrainingReq (Ach)'!$F:$F, "2-Year") = "Forever", "Valid", IF(CD6="", "Not Trained", IF(CD6 < TODAY() - 1, "Expired", IF(CD6 <= TODAY() + 90, "Expiring", "Valid") ) ) ) -> Valid | CF6: A null | CG6: 54756 | CH6: =IF( _xlfn.XLOOKUP($D5 & "-" & CG$2, 'TrainingReq (Ach)'!$G:$G, 'TrainingReq (Ach)'!$F:$F, "2-Year") = "Forever", "Valid", IF(CG5="", "Not Trained", IF(CG5 < TODAY() - 1, "Expired", IF(CG5 <= TODAY() + 90, "Expiring", "Valid") ) ) ) -> Not Trained | CI6: =IF(BW6<>"","Eligible","Not eligible") -> Eligible | CJ6: =IF(BX6<>"","Eligible","Not eligible") -> Eligible
A7: 5 | B7: 532717 | C7: ANDRI PRASETYO | D7: MANAGER CABIN ON DUTY | E7: p407 | F7: JKTTLF-1 | G7: JKTTNP | H7: 46528 | I7: =IF( _xlfn.XLOOKUP($D7 & "-" & H$2, 'TrainingReq (Ach)'!G:G, 'TrainingReq (Ach)'!F:F, "2-Year") = "Forever", "Valid", IF(H7="", "Not Trained", IF(H7 < TODAY() - 1, "Expired", IF(H7 <= TODAY() + 90, "Expiring", "Valid") ) ) ) -> Valid | J7: 46528 | K7: =IF( _xlfn.XLOOKUP($D7 & "-" & J$2, 'TrainingReq (Ach)'!G:G, 'TrainingReq (Ach)'!F:F, "2-Year") = "Forever", "Valid", IF(J7="", "Not Trained", IF(J7 < TODAY() - 1, "Expired", IF(J7 <= TODAY() + 90, "Expiring", "Valid") ) ) ) -> Valid | L7: 46533 | M7: =IF( _xlfn.XLOOKUP($D7 & "-" & L$2, TrainingMan!$G:$G, TrainingMan!$F:$F, "2-Year") = "Forever", "Valid", IF(L7="", "Not Trained", IF(L7 < TODAY() - 1, "Expired", IF(L7 <= TODAY() + 90, "Expiring", "Valid") ) ) ) -> Valid | N7: 46205 | O7: =IF( _xlfn.XLOOKUP($D7 & "-" & N$2, TrainingMan!$G:$G, TrainingMan!$F:$F, "2-Year") = "Forever", "Valid", IF(N7="", "Not Trained", IF(N7 < TODAY() - 1, "Expired", IF(N7 <= TODAY() + 90, "Expiring", "Valid") ) ) ) -> Valid | P7: 46210 | Q7: =IF( _xlfn.XLOOKUP($D7 & "-" & P$2, TrainingMan!$G:$G, TrainingMan!$F:$F, "2-Year") = "Forever", "Valid", IF(P7="", "Not Trained", IF(P7 < TODAY() - 1, "Expired", IF(P7 <= TODAY() + 90, "Expiring", "Valid") ) ) ) -> Valid | R7: 46210 | S7: =IF( _xlfn.XLOOKUP($D7 & "-" & R$2, TrainingMan!$G:$G, TrainingMan!$F:$F, "2-Year") = "Forever", "Valid", IF(R7="", "Not Trained", IF(R7 < TODAY() - 1, "Expired", IF(R7 <= TODAY() + 90, "Expiring", "Valid") ) ) ) -> Valid | T7: 46210 | U7: =IF( _xlfn.XLOOKUP($D7 & "-" & T$2, TrainingMan!$G:$G, TrainingMan!$F:$F, "2-Year") = "Forever", "Valid", IF(T7="", "Not Trained", IF(T7 < TODAY() - 1, "Expired", IF(T7 <= TODAY() + 90, "Expiring", "Valid") ) ) ) -> Valid | V7: 46533 | W7: =IF( _xlfn.XLOOKUP($D7 & "-" & V$2, TrainingMan!$G:$G, TrainingMan!$F:$F, "2-Year") = "Forever", "Valid", IF(V7="", "Not Trained", IF(V7 < TODAY() - 1, "Expired", IF(V7 <= TODAY() + 90, "Expiring", "Valid") ) ) ) -> Valid | X7: 46210 | Y7: =IF( _xlfn.XLOOKUP($D7 & "-" & X$2, TrainingMan!$G:$G, TrainingMan!$F:$F, "2-Year") = "Forever", "Valid", IF(X7="", "Not Trained", IF(X7 < TODAY() - 1, "Expired", IF(X7 <= TODAY() + 90, "Expiring", "Valid") ) ) ) -> Valid | Z7: 45386 | AA7: =IF(LEN(TRIM(Z7)) = 0, "Not Trained", IF(_xlfn.XLOOKUP($D7 & "-" & Z$2, TrainingMan!$G:$G, TrainingMan!$F:$F, "2-Year") = "Forever", "Valid", IF(Z7 < TODAY() - 1, "Expired", IF(Z7 <= TODAY() + 90, "Expiring", "Valid") ) ) ) -> Valid | AB7: 40676 | AC7: 42727 | AD7: 43001 | AE7: 43134 | AF7: 43889 | AG7: 43602 | AP7: 46181 | BB7: 46311 | BC7: 2019-12-12 | BD7: 2024-12-30 | BF7: 39701 | BI7: 42877 | BJ7: A330 | BK7: A330 Neo | BM7: 2010-07-01 | BQ7: =COUNTIF('TrainingReq (Ach)'!B:B,Table13[[#This Row],[Job Title]]) -> 9 | BR7: {=SUMPRODUCT( COUNTIFS( ValidityMatrix[Job Title], Table13[[#This Row],[Job Title]], ValidityMatrix[Training Type], Table13[[#Headers],[Human Factor]:[Mandatory for Supporting]] ), --(Table13[[#This Row],[Human Factor]:[Mandatory for Supporting]]<>""), --(Table13[[#This Row],[Human Factor]:[Mandatory for Supporting]]<>"Not Trained") )} -> 9 | BS7: =BR7/BQ7 -> 1 | BT7: 100.00% | BU7: DIRECT | BV7: A1 A4 | BW7: A330 | BX7: A330 Neo | BZ7: 6685 | CC7: I.A6685 | CD7: 46253 | CE7: =IF( _xlfn.XLOOKUP($D7 & "-" & CD$2, 'TrainingReq (Ach)'!$G:$G, 'TrainingReq (Ach)'!$F:$F, "2-Year") = "Forever", "Valid", IF(CD7="", "Not Trained", IF(CD7 < TODAY() - 1, "Expired", IF(CD7 <= TODAY() + 90, "Expiring", "Valid") ) ) ) -> Expired | CF7: A null | CG7: 53559 | CH7: =IF( _xlfn.XLOOKUP($D6 & "-" & CG$2, 'TrainingReq (Ach)'!$G:$G, 'TrainingReq (Ach)'!$F:$F, "2-Year") = "Forever", "Valid", IF(CG6="", "Not Trained", IF(CG6 < TODAY() - 1, "Expired", IF(CG6 <= TODAY() + 90, "Expiring", "Valid") ) ) ) -> Valid | CI7: =IF(BW7<>"","Eligible","Not eligible") -> Eligible | CJ7: =IF(BX7<>"","Eligible","Not eligible") -> Eligible
A8: 6 | B8: 533492 | C8: SURYA ANUGRAH | D8: AIRCRAFT CABIN ENGINEER | E8: p414 | F8: JKTTLF-1 | G8: JKTTNL-1 | H8: 46581 | I8: =IF( _xlfn.XLOOKUP($D8 & "-" & H$2, 'TrainingReq (Ach)'!G:G, 'TrainingReq (Ach)'!F:F, "2-Year") = "Forever", "Valid", IF(H8="", "Not Trained", IF(H8 < TODAY() - 1, "Expired", IF(H8 <= TODAY() + 90, "Expiring", "Valid") ) ) ) -> Valid | J8: 46581 | K8: =IF( _xlfn.XLOOKUP($D8 & "-" & J$2, 'TrainingReq (Ach)'!G:G, 'TrainingReq (Ach)'!F:F, "2-Year") = "Forever", "Valid", IF(J8="", "Not Trained", IF(J8 < TODAY() - 1, "Expired", IF(J8 <= TODAY() + 90, "Expiring", "Valid") ) ) ) -> Valid | L8: 46470 | M8: =IF( _xlfn.XLOOKUP($D8 & "-" & L$2, TrainingMan!$G:$G, TrainingMan!$F:$F, "2-Year") = "Forever", "Valid", IF(L8="", "Not Trained", IF(L8 < TODAY() - 1, "Expired", IF(L8 <= TODAY() + 90, "Expiring", "Valid") ) ) ) -> Valid | N8: 46636 | O8: =IF( _xlfn.XLOOKUP($D8 & "-" & N$2, TrainingMan!$G:$G, TrainingMan!$F:$F, "2-Year") = "Forever", "Valid", IF(N8="", "Not Trained", IF(N8 < TODAY() - 1, "Expired", IF(N8 <= TODAY() + 90, "Expiring", "Valid") ) ) ) -> Valid | P8: 46636 | Q8: =IF( _xlfn.XLOOKUP($D8 & "-" & P$2, TrainingMan!$G:$G, TrainingMan!$F:$F, "2-Year") = "Forever", "Valid", IF(P8="", "Not Trained", IF(P8 < TODAY() - 1, "Expired", IF(P8 <= TODAY() + 90, "Expiring", "Valid") ) ) ) -> Valid | R8: 46636 | S8: =IF( _xlfn.XLOOKUP($D8 & "-" & R$2, TrainingMan!$G:$G, TrainingMan!$F:$F, "2-Year") = "Forever", "Valid", IF(R8="", "Not Trained", IF(R8 < TODAY() - 1, "Expired", IF(R8 <= TODAY() + 90, "Expiring", "Valid") ) ) ) -> Valid | T8: 46636 | U8: =IF( _xlfn.XLOOKUP($D8 & "-" & T$2, TrainingMan!$G:$G, TrainingMan!$F:$F, "2-Year") = "Forever", "Valid", IF(T8="", "Not Trained", IF(T8 < TODAY() - 1, "Expired", IF(T8 <= TODAY() + 90, "Expiring", "Valid") ) ) ) -> Valid | V8: 46376 | W8: =IF( _xlfn.XLOOKUP($D8 & "-" & V$2, TrainingMan!$G:$G, TrainingMan!$F:$F, "2-Year") = "Forever", "Valid", IF(V8="", "Not Trained", IF(V8 < TODAY() - 1, "Expired", IF(V8 <= TODAY() + 90, "Expiring", "Valid") ) ) ) -> Valid | X8: 46451 | Y8: =IF( _xlfn.XLOOKUP($D8 & "-" & X$2, TrainingMan!$G:$G, TrainingMan!$F:$F, "2-Year") = "Forever", "Valid", IF(X8="", "Not Trained", IF(X8 < TODAY() - 1, "Expired", IF(X8 <= TODAY() + 90, "Expiring", "Valid") ) ) ) -> Valid | Z8: 45191 | AA8: =IF(LEN(TRIM(Z8)) = 0, "Not Trained", IF(_xlfn.XLOOKUP($D8 & "-" & Z$2, TrainingMan!$G:$G, TrainingMan!$F:$F, "2-Year") = "Forever", "Valid", IF(Z8 < TODAY() - 1, "Expired", IF(Z8 <= TODAY() + 90, "Expiring", "Valid") ) ) ) -> Valid | AB8: 40856 | AC8: 43453 | AD8: 43623 | AE8: 45506 | AF8: 45338 | AG8: 45097 | BB8: 46318 | BC8: 2011-12-16 | BD8: 2024-12-30 | BI8: 44545 | BJ8: A320 | BK8: A320 Neo | BQ8: =COUNTIF('TrainingReq (Ach)'!B:B,Table13[[#This Row],[Job Title]]) -> 15 | BR8: {=SUMPRODUCT( COUNTIFS( ValidityMatrix[Job Title], Table13[[#This Row],[Job Title]], ValidityMatrix[Training Type], Table13[[#Headers],[Human Factor]:[Mandatory for Supporting]] ), --(Table13[[#This Row],[Human Factor]:[Mandatory for Supporting]]<>""), --(Table13[[#This Row],[Human Factor]:[Mandatory for Supporting]]<>"Not Trained") )} -> 15 | BS8: =BR8/BQ8 -> 1 | BT8: 100.00% | BU8: DIRECT | BV8: A1 A4 | BW8: A320 | BX8: A320 Neo | BZ8: 7163 | CA8: 2 | CC8: I.A7163 | CD8: 46813 | CE8: =IF( _xlfn.XLOOKUP($D8 & "-" & CD$2, 'TrainingReq (Ach)'!$G:$G, 'TrainingReq (Ach)'!$F:$F, "2-Year") = "Forever", "Valid", IF(CD8="", "Not Trained", IF(CD8 < TODAY() - 1, "Expired", IF(CD8 <= TODAY() + 90, "Expiring", "Valid") ) ) ) -> Valid | CF8: A null | CG8: 53885 | CH8: =IF( _xlfn.XLOOKUP($D7 & "-" & CG$2, 'TrainingReq (Ach)'!$G:$G, 'TrainingReq (Ach)'!$F:$F, "2-Year") = "Forever", "Valid", IF(CG7="", "Not Trained", IF(CG7 < TODAY() - 1, "Expired", IF(CG7 <= TODAY() + 90, "Expiring", "Valid") ) ) ) -> Valid | CI8: =IF(BW8<>"","Eligible","Not eligible") -> Eligible | CJ8: =IF(BX8<>"","Eligible","Not eligible") -> Eligible
A9: 7 | B9: 583742 | C9: PANGERAN RAIHAN RANGKUTI | D9: SENIOR AIRCRAFT MAINTENANCE TECHNICIAN | E9: p422 | F9: JKTTLF-1 | G9: JKTTNL-1 | H9: 46766 | I9: =IF( _xlfn.XLOOKUP($D9 & "-" & H$2, 'TrainingReq (Ach)'!G:G, 'TrainingReq (Ach)'!F:F, "2-Year") = "Forever", "Valid", IF(H9="", "Not Trained", IF(H9 < TODAY() - 1, "Expired", IF(H9 <= TODAY() + 90, "Expiring", "Valid") ) ) ) -> Valid | J9: 46766 | K9: =IF( _xlfn.XLOOKUP($D9 & "-" & J$2, 'TrainingReq (Ach)'!G:G, 'TrainingReq (Ach)'!F:F, "2-Year") = "Forever", "Valid", IF(J9="", "Not Trained", IF(J9 < TODAY() - 1, "Expired", IF(J9 <= TODAY() + 90, "Expiring", "Valid") ) ) ) -> Valid | L9: 46813 | M9: =IF( _xlfn.XLOOKUP($D9 & "-" & L$2, TrainingMan!$G:$G, TrainingMan!$F:$F, "2-Year") = "Forever", "Valid", IF(L9="", "Not Trained", IF(L9 < TODAY() - 1, "Expired", IF(L9 <= TODAY() + 90, "Expiring", "Valid") ) ) ) -> Valid | N9: 46813 | O9: =IF( _xlfn.XLOOKUP($D9 & "-" & N$2, TrainingMan!$G:$G, TrainingMan!$F:$F, "2-Year") = "Forever", "Valid", IF(N9="", "Not Trained", IF(N9 < TODAY() - 1, "Expired", IF(N9 <= TODAY() + 90, "Expiring", "Valid") ) ) ) -> Valid | P9: 46813 | Q9: =IF( _xlfn.XLOOKUP($D9 & "-" & P$2, TrainingMan!$G:$G, TrainingMan!$F:$F, "2-Year") = "Forever", "Valid", IF(P9="", "Not Trained", IF(P9 < TODAY() - 1, "Expired", IF(P9 <= TODAY() + 90, "Expiring", "Valid") ) ) ) -> Valid | R9: 46813 | S9: =IF( _xlfn.XLOOKUP($D9 & "-" & R$2, TrainingMan!$G:$G, TrainingMan!$F:$F, "2-Year") = "Forever", "Valid", IF(R9="", "Not Trained", IF(R9 < TODAY() - 1, "Expired", IF(R9 <= TODAY() + 90, "Expiring", "Valid") ) ) ) -> Valid | T9: 46813 | U9: =IF( _xlfn.XLOOKUP($D9 & "-" & T$2, TrainingMan!$G:$G, TrainingMan!$F:$F, "2-Year") = "Forever", "Valid", IF(T9="", "Not Trained", IF(T9 < TODAY() - 1, "Expired", IF(T9 <= TODAY() + 90, "Expiring", "Valid") ) ) ) -> Valid | V9: 46645 | W9: =IF( _xlfn.XLOOKUP($D9 & "-" & V$2, TrainingMan!$G:$G, TrainingMan!$F:$F, "2-Year") = "Forever", "Valid", IF(V9="", "Not Trained", IF(V9 < TODAY() - 1, "Expired", IF(V9 <= TODAY() + 90, "Expiring", "Valid") ) ) ) -> Valid | X9: 46575 | Y9: =IF( _xlfn.XLOOKUP($D9 & "-" & X$2, TrainingMan!$G:$G, TrainingMan!$F:$F, "2-Year") = "Forever", "Valid", IF(X9="", "Not Trained", IF(X9 < TODAY() - 1, "Expired", IF(X9 <= TODAY() + 90, "Expiring", "Valid") ) ) ) -> Valid | Z9: 45304 | AA9: =IF(LEN(TRIM(Z9)) = 0, "Not Trained", IF(_xlfn.XLOOKUP($D9 & "-" & Z$2, TrainingMan!$G:$G, TrainingMan!$F:$F, "2-Year") = "Forever", "Valid", IF(Z9 < TODAY() - 1, "Expired", IF(Z9 <= TODAY() + 90, "Expiring", "Valid") ) ) ) -> Valid | AB9: 45452 | AD9: 45702 | AF9: 46076 | BB9: 46068 | BC9: 2022-11-09 | BD9: 45840 | BF9: 42996 | BI9: 45526 | BJ9: A320 | BQ9: =COUNTIF('TrainingReq (Ach)'!B:B,Table13[[#This Row],[Job Title]]) -> 15 | BR9: {=SUMPRODUCT( COUNTIFS( ValidityMatrix[Job Title], Table13[[#This Row],[Job Title]], ValidityMatrix[Training Type], Table13[[#Headers],[Human Factor]:[Mandatory for Supporting]] ), --(Table13[[#This Row],[Human Factor]:[Mandatory for Supporting]]<>""), --(Table13[[#This Row],[Human Factor]:[Mandatory for Supporting]]<>"Not Trained") )} -> 14 | BS9: =BR9/BQ9 -> 0.93333333 | BT9: 92.31% | BU9: DIRECT | BV9: A1 A4 | CC9: M.583742 | CE9: =IF( _xlfn.XLOOKUP($D9 & "-" & CD$2, 'TrainingReq (Ach)'!$G:$G, 'TrainingReq (Ach)'!$F:$F, "2-Year") = "Forever", "Valid", IF(CD9="", "Not Trained", IF(CD9 < TODAY() - 1, "Expired", IF(CD9 <= TODAY() + 90, "Expiring", "Valid") ) ) ) -> Not Trained | CF9: A null | CG9: 56983 | CH9: =IF( _xlfn.XLOOKUP($D8 & "-" & CG$2, 'TrainingReq (Ach)'!$G:$G, 'TrainingReq (Ach)'!$F:$F, "2-Year") = "Forever", "Valid", IF(CG8="", "Not Trained", IF(CG8 < TODAY() - 1, "Expired", IF(CG8 <= TODAY() + 90, "Expiring", "Valid") ) ) ) -> Valid | CI9: =IF(BW9<>"","Eligible","Not eligible") -> Not eligible | CJ9: =IF(BX9<>"","Eligible","Not eligible") -> Not eligible
A10: 8 | B10: 582541 | C10: WAHYU P BUDIMAN | D10: SENIOR AIRCRAFT MAINTENANCE TECHNICIAN | E10: p422 | F10: JKTTLF-1 | G10: JKTTNL-5 | H10: 46794 | I10: =IF( _xlfn.XLOOKUP($D10 & "-" & H$2, 'TrainingReq (Ach)'!G:G, 'TrainingReq (Ach)'!F:F, "2-Year") = "Forever", "Valid", IF(H10="", "Not Trained", IF(H10 < TODAY() - 1, "Expired", IF(H10 <= TODAY() + 90, "Expiring", "Valid") ) ) ) -> Valid | J10: 46794 | K10: =IF( _xlfn.XLOOKUP($D10 & "-" & J$2, 'TrainingReq (Ach)'!G:G, 'TrainingReq (Ach)'!F:F, "2-Year") = "Forever", "Valid", IF(J10="", "Not Trained", IF(J10 < TODAY() - 1, "Expired", IF(J10 <= TODAY() + 90, "Expiring", "Valid") ) ) ) -> Valid | L10: 46845 | M10: =IF( _xlfn.XLOOKUP($D10 & "-" & L$2, TrainingMan!$G:$G, TrainingMan!$F:$F, "2-Year") = "Forever", "Valid", IF(L10="", "Not Trained", IF(L10 < TODAY() - 1, "Expired", IF(L10 <= TODAY() + 90, "Expiring", "Valid") ) ) ) -> Valid | N10: 46845 | O10: =IF( _xlfn.XLOOKUP($D10 & "-" & N$2, TrainingMan!$G:$G, TrainingMan!$F:$F, "2-Year") = "Forever", "Valid", IF(N10="", "Not Trained", IF(N10 < TODAY() - 1, "Expired", IF(N10 <= TODAY() + 90, "Expiring", "Valid") ) ) ) -> Valid | P10: 46845 | Q10: =IF( _xlfn.XLOOKUP($D10 & "-" & P$2, TrainingMan!$G:$G, TrainingMan!$F:$F, "2-Year") = "Forever", "Valid", IF(P10="", "Not Trained", IF(P10 < TODAY() - 1, "Expired", IF(P10 <= TODAY() + 90, "Expiring", "Valid") ) ) ) -> Valid | R10: 46845 | S10: =IF( _xlfn.XLOOKUP($D10 & "-" & R$2, TrainingMan!$G:$G, TrainingMan!$F:$F, "2-Year") = "Forever", "Valid", IF(R10="", "Not Trained", IF(R10 < TODAY() - 1, "Expired", IF(R10 <= TODAY() + 90, "Expiring", "Valid") ) ) ) -> Valid | T10: 46845 | U10: =IF( _xlfn.XLOOKUP($D10 & "-" & T$2, TrainingMan!$G:$G, TrainingMan!$F:$F, "2-Year") = "Forever", "Valid", IF(T10="", "Not Trained", IF(T10 < TODAY() - 1, "Expired", IF(T10 <= TODAY() + 90, "Expiring", "Valid") ) ) ) -> Valid | V10: 46845 | W10: =IF( _xlfn.XLOOKUP($D10 & "-" & V$2, TrainingMan!$G:$G, TrainingMan!$F:$F, "2-Year") = "Forever", "Valid", IF(V10="", "Not Trained", IF(V10 < TODAY() - 1, "Expired", IF(V10 <= TODAY() + 90, "Expiring", "Valid") ) ) ) -> Valid | X10: 46845 | Y10: =IF( _xlfn.XLOOKUP($D10 & "-" & X$2, TrainingMan!$G:$G, TrainingMan!$F:$F, "2-Year") = "Forever", "Valid", IF(X10="", "Not Trained", IF(X10 < TODAY() - 1, "Expired", IF(X10 <= TODAY() + 90, "Expiring", "Valid") ) ) ) -> Valid | Z10: 45397 | AA10: =IF(LEN(TRIM(Z10)) = 0, "Not Trained", IF(_xlfn.XLOOKUP($D10 & "-" & Z$2, TrainingMan!$G:$G, TrainingMan!$F:$F, "2-Year") = "Forever", "Valid", IF(Z10 < TODAY() - 1, "Expired", IF(Z10 <= TODAY() + 90, "Expiring", "Valid") ) ) ) -> Valid | AB10: 44618 | AC10: 45716 | AD10: 44456 | AE10: 45058 | AF10: 44834 | AG10: 45139 | AT10: 46076 | BB10: 46255 | BC10: 2017-10-26 | BD10: 2017-10-11 | BI10: 44165 | BJ10: A320 | BK10: A320 Neo | BQ10: =COUNTIF('TrainingReq (Ach)'!B:B,Table13[[#This Row],[Job Title]]) -> 15 | BR10: {=SUMPRODUCT( COUNTIFS( ValidityMatrix[Job Title], Table13[[#This Row],[Job Title]], ValidityMatrix[Training Type], Table13[[#Headers],[Human Factor]:[Mandatory for Supporting]] ), --(Table13[[#This Row],[Human Factor]:[Mandatory for Supporting]]<>""), --(Table13[[#This Row],[Human Factor]:[Mandatory for Supporting]]<>"Not Trained") )} -> 15 | BS10: =BR10/BQ10 -> 1 | BT10: 100.00% | BU10: DIRECT | BV10: C1 C2 C4 | BW10: A320 | BX10: A320 Neo | BZ10: 15347 | CC10: I.E15347 | CD10: 47078 | CE10: =IF( _xlfn.XLOOKUP($D10 & "-" & CD$2, 'TrainingReq (Ach)'!$G:$G, 'TrainingReq (Ach)'!$F:$F, "2-Year") = "Forever", "Valid", IF(CD10="", "Not Trained", IF(CD10 < TODAY() - 1, "Expired", IF(CD10 <= TODAY() + 90, "Expiring", "Valid") ) ) ) -> Valid | CF10: A null | CG10: 56195 | CH10: =IF( _xlfn.XLOOKUP($D9 & "-" & CG$2, 'TrainingReq (Ach)'!$G:$G, 'TrainingReq (Ach)'!$F:$F, "2-Year") = "Forever", "Valid", IF(CG9="", "Not Trained", IF(CG9 < TODAY() - 1, "Expired", IF(CG9 <= TODAY() + 90, "Expiring", "Valid") ) ) ) -> Valid | CI10: =IF(BW10<>"","Eligible","Not eligible") -> Eligible | CJ10: =IF(BX10<>"","Eligible","Not eligible") -> Eligible
A11: 9 | B11: 581765 | C11: HERDANI INDERA PERMANA | D11: AIRCRAFT CABIN ENGINEER | E11: p414 | F11: JKTTLF-1 | G11: JKTTNL-1 | H11: 46851 | I11: =IF( _xlfn.XLOOKUP($D11 & "-" & H$2, 'TrainingReq (Ach)'!G:G, 'TrainingReq (Ach)'!F:F, "2-Year") = "Forever", "Valid", IF(H11="", "Not Trained", IF(H11 < TODAY() - 1, "Expired", IF(H11 <= TODAY() + 90, "Expiring", "Valid") ) ) ) -> Valid | J11: 46851 | K11: =IF( _xlfn.XLOOKUP($D11 & "-" & J$2, 'TrainingReq (Ach)'!G:G, 'TrainingReq (Ach)'!F:F, "2-Year") = "Forever", "Valid", IF(J11="", "Not Trained", IF(J11 < TODAY() - 1, "Expired", IF(J11 <= TODAY() + 90, "Expiring", "Valid") ) ) ) -> Valid | L11: 46795 | M11: =IF( _xlfn.XLOOKUP($D11 & "-" & L$2, TrainingMan!$G:$G, TrainingMan!$F:$F, "2-Year") = "Forever", "Valid", IF(L11="", "Not Trained", IF(L11 < TODAY() - 1, "Expired", IF(L11 <= TODAY() + 90, "Expiring", "Valid") ) ) ) -> Valid | N11: 46795 | O11: =IF( _xlfn.XLOOKUP($D11 & "-" & N$2, TrainingMan!$G:$G, TrainingMan!$F:$F, "2-Year") = "Forever", "Valid", IF(N11="", "Not Trained", IF(N11 < TODAY() - 1, "Expired", IF(N11 <= TODAY() + 90, "Expiring", "Valid") ) ) ) -> Valid | P11: 46795 | Q11: =IF( _xlfn.XLOOKUP($D11 & "-" & P$2, TrainingMan!$G:$G, TrainingMan!$F:$F, "2-Year") = "Forever", "Valid", IF(P11="", "Not Trained", IF(P11 < TODAY() - 1, "Expired", IF(P11 <= TODAY() + 90, "Expiring", "Valid") ) ) ) -> Valid | R11: 46795 | S11: =IF( _xlfn.XLOOKUP($D11 & "-" & R$2, TrainingMan!$G:$G, TrainingMan!$F:$F, "2-Year") = "Forever", "Valid", IF(R11="", "Not Trained", IF(R11 < TODAY() - 1, "Expired", IF(R11 <= TODAY() + 90, "Expiring", "Valid") ) ) ) -> Valid | T11: 46795 | U11: =IF( _xlfn.XLOOKUP($D11 & "-" & T$2, TrainingMan!$G:$G, TrainingMan!$F:$F, "2-Year") = "Forever", "Valid", IF(T11="", "Not Trained", IF(T11 < TODAY() - 1, "Expired", IF(T11 <= TODAY() + 90, "Expiring", "Valid") ) ) ) -> Valid | V11: 46795 | W11: =IF( _xlfn.XLOOKUP($D11 & "-" & V$2, TrainingMan!$G:$G, TrainingMan!$F:$F, "2-Year") = "Forever", "Valid", IF(V11="", "Not Trained", IF(V11 < TODAY() - 1, "Expired", IF(V11 <= TODAY() + 90, "Expiring", "Valid") ) ) ) -> Valid | X11: 46795 | Y11: =IF( _xlfn.XLOOKUP($D11 & "-" & X$2, TrainingMan!$G:$G, TrainingMan!$F:$F, "2-Year") = "Forever", "Valid", IF(X11="", "Not Trained", IF(X11 < TODAY() - 1, "Expired", IF(X11 <= TODAY() + 90, "Expiring", "Valid") ) ) ) -> Valid | Z11: 45390 | AA11: =IF(LEN(TRIM(Z11)) = 0, "Not Trained", IF(_xlfn.XLOOKUP($D11 & "-" & Z$2, TrainingMan!$G:$G, TrainingMan!$F:$F, "2-Year") = "Forever", "Valid", IF(Z11 < TODAY() - 1, "Expired", IF(Z11 <= TODAY() + 90, "Expiring", "Valid") ) ) ) -> Valid | AB11: 43579 | AC11: 43969 | AD11: 44779 | AE11: 45355 | AF11: 45331 | AG11: 45006 | BB11: 46096 | BC11: 2022-09-16 | BD11: 2018-04-11 | BI11: 44467 | BJ11: A330 | BK11: A330 Neo | BQ11: =COUNTIF('TrainingReq (Ach)'!B:B,Table13[[#This Row],[Job Title]]) -> 15 | BR11: {=SUMPRODUCT( COUNTIFS( ValidityMatrix[Job Title], Table13[[#This Row],[Job Title]], ValidityMatrix[Training Type], Table13[[#Headers],[Human Factor]:[Mandatory for Supporting]] ), --(Table13[[#This Row],[Human Factor]:[Mandatory for Supporting]]<>""), --(Table13[[#This Row],[Human Factor]:[Mandatory for Supporting]]<>"Not Trained") )} -> 15 | BS11: =BR11/BQ11 -> 1 | BT11: 100.00% | BU11: DIRECT | BV11: A1 A3 A4 | BW11: A330 | BX11: A330 Neo | BZ11: 10480 | CC11: I.A10480 | CD11: 47097 | CE11: =IF( _xlfn.XLOOKUP($D11 & "-" & CD$2, 'TrainingReq (Ach)'!$G:$G, 'TrainingReq (Ach)'!$F:$F, "2-Year") = "Forever", "Valid", IF(CD11="", "Not Trained", IF(CD11 < TODAY() - 1, "Expired", IF(CD11 <= TODAY() + 90, "Expiring", "Valid") ) ) ) -> Valid | CF11: A null | CG11: 55002 | CH11: =IF( _xlfn.XLOOKUP($D10 & "-" & CG$2, 'TrainingReq (Ach)'!$G:$G, 'TrainingReq (Ach)'!$F:$F, "2-Year") = "Forever", "Valid", IF(CG10="", "Not Trained", IF(CG10 < TODAY() - 1, "Expired", IF(CG10 <= TODAY() + 90, "Expiring", "Valid") ) ) ) -> Valid | CI11: =IF(BW11<>"","Eligible","Not eligible") -> Eligible | CJ11: =IF(BX11<>"","Eligible","Not eligible") -> Eligible
A12: 10 | B12: 582542 | C12: FAHRUR | D12: SENIOR AIRCRAFT MAINTENANCE TECHNICIAN | E12: p422 | F12: JKTTLF-1 | G12: JKTTNL-1 | H12: 46858 | I12: =IF( _xlfn.XLOOKUP($D12 & "-" & H$2, 'TrainingReq (Ach)'!G:G, 'TrainingReq (Ach)'!F:F, "2-Year") = "Forever", "Valid", IF(H12="", "Not Trained", IF(H12 < TODAY() - 1, "Expired", IF(H12 <= TODAY() + 90, "Expiring", "Valid") ) ) ) -> Valid | J12: 46858 | K12: =IF( _xlfn.XLOOKUP($D12 & "-" & J$2, 'TrainingReq (Ach)'!G:G, 'TrainingReq (Ach)'!F:F, "2-Year") = "Forever", "Valid", IF(J12="", "Not Trained", IF(J12 < TODAY() - 1, "Expired", IF(J12 <= TODAY() + 90, "Expiring", "Valid") ) ) ) -> Valid | L12: 46898 | M12: =IF( _xlfn.XLOOKUP($D12 & "-" & L$2, TrainingMan!$G:$G, TrainingMan!$F:$F, "2-Year") = "Forever", "Valid", IF(L12="", "Not Trained", IF(L12 < TODAY() - 1, "Expired", IF(L12 <= TODAY() + 90, "Expiring", "Valid") ) ) ) -> Valid | N12: 46898 | O12: =IF( _xlfn.XLOOKUP($D12 & "-" & N$2, TrainingMan!$G:$G, TrainingMan!$F:$F, "2-Year") = "Forever", "Valid", IF(N12="", "Not Trained", IF(N12 < TODAY() - 1, "Expired", IF(N12 <= TODAY() + 90, "Expiring", "Valid") ) ) ) -> Valid | P12: 46898 | Q12: =IF( _xlfn.XLOOKUP($D12 & "-" & P$2, TrainingMan!$G:$G, TrainingMan!$F:$F, "2-Year") = "Forever", "Valid", IF(P12="", "Not Trained", IF(P12 < TODAY() - 1, "Expired", IF(P12 <= TODAY() + 90, "Expiring", "Valid") ) ) ) -> Valid | R12: 46898 | S12: =IF( _xlfn.XLOOKUP($D12 & "-" & R$2, TrainingMan!$G:$G, TrainingMan!$F:$F, "2-Year") = "Forever", "Valid", IF(R12="", "Not Trained", IF(R12 < TODAY() - 1, "Expired", IF(R12 <= TODAY() + 90, "Expiring", "Valid") ) ) ) -> Valid | T12: 46898 | U12: =IF( _xlfn.XLOOKUP($D12 & "-" & T$2, TrainingMan!$G:$G, TrainingMan!$F:$F, "2-Year") = "Forever", "Valid", IF(T12="", "Not Trained", IF(T12 < TODAY() - 1, "Expired", IF(T12 <= TODAY() + 90, "Expiring", "Valid") ) ) ) -> Valid | V12: 46898 | W12: =IF( _xlfn.XLOOKUP($D12 & "-" & V$2, TrainingMan!$G:$G, TrainingMan!$F:$F, "2-Year") = "Forever", "Valid", IF(V12="", "Not Trained", IF(V12 < TODAY() - 1, "Expired", IF(V12 <= TODAY() + 90, "Expiring", "Valid") ) ) ) -> Valid | X12: 46898 | Y12: =IF( _xlfn.XLOOKUP($D12 & "-" & X$2, TrainingMan!$G:$G, TrainingMan!$F:$F, "2-Year") = "Forever", "Valid", IF(X12="", "Not Trained", IF(X12 < TODAY() - 1, "Expired", IF(X12 <= TODAY() + 90, "Expiring", "Valid") ) ) ) -> Valid | Z12: 45451 | AA12: =IF(LEN(TRIM(Z12)) = 0, "Not Trained", IF(_xlfn.XLOOKUP($D12 & "-" & Z$2, TrainingMan!$G:$G, TrainingMan!$F:$F, "2-Year") = "Forever", "Valid", IF(Z12 < TODAY() - 1, "Expired", IF(Z12 <= TODAY() + 90, "Expiring", "Valid") ) ) ) -> Valid | AB12: 43742 | AC12: 45548 | AD12: 44589 | AE12: 45096 | AF12: 44644 | AG12: 45412 | BB12: 45997 | BC12: 2022-03-10 | BD12: 2017-10-11 | BI12: 44263 | BJ12: B737 | BN12: 2023-10-27 | BQ12: =COUNTIF('TrainingReq (Ach)'!B:B,Table13[[#This Row],[Job Title]]) -> 15 | BR12: {=SUMPRODUCT( COUNTIFS( ValidityMatrix[Job Title], Table13[[#This Row],[Job Title]], ValidityMatrix[Training Type], Table13[[#Headers],[Human Factor]:[Mandatory for Supporting]] ), --(Table13[[#This Row],[Human Factor]:[Mandatory for Supporting]]<>""), --(Table13[[#This Row],[Human Factor]:[Mandatory for Supporting]]<>"Not Trained") )} -> 15 | BS12: =BR12/BQ12 -> 1 | BT12: 100.00% | BU12: DIRECT | BV12: C1 C2 C4 | BW12: B737 | BZ12: 15473 | CB12: 13763 | CC12: I.E15473 | CD12: 47153 | CE12: =IF( _xlfn.XLOOKUP($D12 & "-" & CD$2, 'TrainingReq (Ach)'!$G:$G, 'TrainingReq (Ach)'!$F:$F, "2-Year") = "Forever", "Valid", IF(CD12="", "Not Trained", IF(CD12 < TODAY() - 1, "Expired", IF(CD12 <= TODAY() + 90, "Expiring", "Valid") ) ) ) -> Valid | CF12: A null | CG12: 55891 | CH12: =IF( _xlfn.XLOOKUP($D11 & "-" & CG$2, 'TrainingReq (Ach)'!$G:$G, 'TrainingReq (Ach)'!$F:$F, "2-Year") = "Forever", "Valid", IF(CG11="", "Not Trained", IF(CG11 < TODAY() - 1, "Expired", IF(CG11 <= TODAY() + 90, "Expiring", "Valid") ) ) ) -> Valid | CI12: =IF(BW12<>"","Eligible","Not eligible") -> Eligible | CJ12: =IF(BX12<>"","Eligible","Not eligible") -> Not eligible
A13: 11 | B13: 533498 | C13: GIANJAR D.ABIYOGA | D13: Department Head | E13: p404 | F13: JKTTLF-1 | G13: JKTTNL-1 | H13: 46956 | I13: =IF( _xlfn.XLOOKUP($D13 & "-" & H$2, 'TrainingReq (Ach)'!G:G, 'TrainingReq (Ach)'!F:F, "2-Year") = "Forever", "Valid", IF(H13="", "Not Trained", IF(H13 < TODAY() - 1, "Expired", IF(H13 <= TODAY() + 90, "Expiring", "Valid") ) ) ) -> Valid | J13: 46956 | K13: =IF( _xlfn.XLOOKUP($D13 & "-" & J$2, 'TrainingReq (Ach)'!G:G, 'TrainingReq (Ach)'!F:F, "2-Year") = "Forever", "Valid", IF(J13="", "Not Trained", IF(J13 < TODAY() - 1, "Expired", IF(J13 <= TODAY() + 90, "Expiring", "Valid") ) ) ) -> Valid | L13: 46368 | M13: =IF( _xlfn.XLOOKUP($D13 & "-" & L$2, TrainingMan!$G:$G, TrainingMan!$F:$F, "2-Year") = "Forever", "Valid", IF(L13="", "Not Trained", IF(L13 < TODAY() - 1, "Expired", IF(L13 <= TODAY() + 90, "Expiring", "Valid") ) ) ) -> Valid | N13: 46368 | O13: =IF( _xlfn.XLOOKUP($D13 & "-" & N$2, TrainingMan!$G:$G, TrainingMan!$F:$F, "2-Year") = "Forever", "Valid", IF(N13="", "Not Trained", IF(N13 < TODAY() - 1, "Expired", IF(N13 <= TODAY() + 90, "Expiring", "Valid") ) ) ) -> Valid | P13: 46305 | Q13: =IF( _xlfn.XLOOKUP($D13 & "-" & P$2, TrainingMan!$G:$G, TrainingMan!$F:$F, "2-Year") = "Forever", "Valid", IF(P13="", "Not Trained", IF(P13 < TODAY() - 1, "Expired", IF(P13 <= TODAY() + 90, "Expiring", "Valid") ) ) ) -> Expiring | R13: 46368 | S13: =IF( _xlfn.XLOOKUP($D13 & "-" & R$2, TrainingMan!$G:$G, TrainingMan!$F:$F, "2-Year") = "Forever", "Valid", IF(R13="", "Not Trained", IF(R13 < TODAY() - 1, "Expired", IF(R13 <= TODAY() + 90, "Expiring", "Valid") ) ) ) -> Valid | T13: 46305 | U13: =IF( _xlfn.XLOOKUP($D13 & "-" & T$2, TrainingMan!$G:$G, TrainingMan!$F:$F, "2-Year") = "Forever", "Valid", IF(T13="", "Not Trained", IF(T13 < TODAY() - 1, "Expired", IF(T13 <= TODAY() + 90, "Expiring", "Valid") ) ) ) -> Expiring | V13: 46598 | W13: =IF( _xlfn.XLOOKUP($D13 & "-" & V$2, TrainingMan!$G:$G, TrainingMan!$F:$F, "2-Year") = "Forever", "Valid", IF(V13="", "Not Trained", IF(V13 < TODAY() - 1, "Expired", IF(V13 <= TODAY() + 90, "Expiring", "Valid") ) ) ) -> Valid | X13: 46598 | Y13: =IF( _xlfn.XLOOKUP($D13 & "-" & X$2, TrainingMan!$G:$G, TrainingMan!$F:$F, "2-Year") = "Forever", "Valid", IF(X13="", "Not Trained", IF(X13 < TODAY() - 1, "Expired", IF(X13 <= TODAY() + 90, "Expiring", "Valid") ) ) ) -> Valid | Z13: 44443 | AA13: =IF(LEN(TRIM(Z13)) = 0, "Not Trained", IF(_xlfn.XLOOKUP($D13 & "-" & Z$2, TrainingMan!$G:$G, TrainingMan!$F:$F, "2-Year") = "Forever", "Valid", IF(Z13 < TODAY() - 1, "Expired", IF(Z13 <= TODAY() + 90, "Expiring", "Valid") ) ) ) -> Valid | AB13: 40851 | AC13: 42517 | AD13: 42837 | AE13: 44529 | AF13: 44230 | AG13: 44782 | AP13: 45882 | AQ13: 46366 | AR13: 46074 | AS13: 46290 | BC13: 2011-12-16 | BD13: 2024-04-03 | BI13: 43019 | BJ13: B777 | BQ13: =COUNTIF('TrainingReq (Ach)'!B:B,Table13[[#This Row],[Job Title]]) -> 14 | BR13: {=SUMPRODUCT( COUNTIFS( ValidityMatrix[Job Title], Table13[[#This Row],[Job Title]], ValidityMatrix[Training Type], Table13[[#Headers],[Human Factor]:[Mandatory for Supporting]] ), --(Table13[[#This Row],[Human Factor]:[Mandatory for Supporting]]<>""), --(Table13[[#This Row],[Human Factor]:[Mandatory for Supporting]]<>"Not Trained") )} -> 14 | BS13: =BR13/BQ13 -> 1 | BT13: 100.00% | BU13: INDIRECT | BV13: A1 A4 | BW13: B777 | BZ13: 8149 | CC13: I.A8149 | CD13: 46294 | CE13: =IF( _xlfn.XLOOKUP($D13 & "-" & CD$2, 'TrainingReq (Ach)'!$G:$G, 'TrainingReq (Ach)'!$F:$F, "2-Year") = "Forever", "Valid", IF(CD13="", "Not Trained", IF(CD13 < TODAY() - 1, "Expired", IF(CD13 <= TODAY() + 90, "Expiring", "Valid") ) ) ) -> Expiring | CF13: A null | CG13: 53549 | CH13: =IF( _xlfn.XLOOKUP($D12 & "-" & CG$2, 'TrainingReq (Ach)'!$G:$G, 'TrainingReq (Ach)'!$F:$F, "2-Year") = "Forever", "Valid", IF(CG12="", "Not Trained", IF(CG12 < TODAY() - 1, "Expired", IF(CG12 <= TODAY() + 90, "Expiring", "Valid") ) ) ) -> Valid | CI13: =IF(BW13<>"","Eligible","Not eligible") -> Eligible | CJ13: =IF(BX13<>"","Eligible","Not eligible") -> Not eligible
A14: 12 | B14: 533457 | C14: ADITIA KUSUMA WIBAWA | D14: AIRCRAFT CABIN ENGINEER | E14: p414 | F14: JKTTLF-1 | G14: JKTTNL-1 | H14: 46960 | I14: =IF( _xlfn.XLOOKUP($D14 & "-" & H$2, 'TrainingReq (Ach)'!G:G, 'TrainingReq (Ach)'!F:F, "2-Year") = "Forever", "Valid", IF(H14="", "Not Trained", IF(H14 < TODAY() - 1, "Expired", IF(H14 <= TODAY() + 90, "Expiring", "Valid") ) ) ) -> Valid | J14: 46960 | K14: =IF( _xlfn.XLOOKUP($D14 & "-" & J$2, 'TrainingReq (Ach)'!G:G, 'TrainingReq (Ach)'!F:F, "2-Year") = "Forever", "Valid", IF(J14="", "Not Trained", IF(J14 < TODAY() - 1, "Expired", IF(J14 <= TODAY() + 90, "Expiring", "Valid") ) ) ) -> Valid | L14: 46311 | M14: =IF( _xlfn.XLOOKUP($D14 & "-" & L$2, TrainingMan!$G:$G, TrainingMan!$F:$F, "2-Year") = "Forever", "Valid", IF(L14="", "Not Trained", IF(L14 < TODAY() - 1, "Expired", IF(L14 <= TODAY() + 90, "Expiring", "Valid") ) ) ) -> Expiring | N14: 46311 | O14: =IF( _xlfn.XLOOKUP($D14 & "-" & N$2, TrainingMan!$G:$G, TrainingMan!$F:$F, "2-Year") = "Forever", "Valid", IF(N14="", "Not Trained", IF(N14 < TODAY() - 1, "Expired", IF(N14 <= TODAY() + 90, "Expiring", "Valid") ) ) ) -> Expiring | P14: 46311 | Q14: =IF( _xlfn.XLOOKUP($D14 & "-" & P$2, TrainingMan!$G:$G, TrainingMan!$F:$F, "2-Year") = "Forever", "Valid", IF(P14="", "Not Trained", IF(P14 < TODAY() - 1, "Expired", IF(P14 <= TODAY() + 90, "Expiring", "Valid") ) ) ) -> Expiring | R14: 46311 | S14: =IF( _xlfn.XLOOKUP($D14 & "-" & R$2, TrainingMan!$G:$G, TrainingMan!$F:$F, "2-Year") = "Forever", "Valid", IF(R14="", "Not Trained", IF(R14 < TODAY() - 1, "Expired", IF(R14 <= TODAY() + 90, "Expiring", "Valid") ) ) ) -> Expiring | T14: 46597 | U14: =IF( _xlfn.XLOOKUP($D14 & "-" & T$2, TrainingMan!$G:$G, TrainingMan!$F:$F, "2-Year") = "Forever", "Valid", IF(T14="", "Not Trained", IF(T14 < TODAY() - 1, "Expired", IF(T14 <= TODAY() + 90, "Expiring", "Valid") ) ) ) -> Valid | V14: 46311 | W14: =IF( _xlfn.XLOOKUP($D14 & "-" & V$2, TrainingMan!$G:$G, TrainingMan!$F:$F, "2-Year") = "Forever", "Valid", IF(V14="", "Not Trained", IF(V14 < TODAY() - 1, "Expired", IF(V14 <= TODAY() + 90, "Expiring", "Valid") ) ) ) -> Expiring | X14: 46311 | Y14: =IF( _xlfn.XLOOKUP($D14 & "-" & X$2, TrainingMan!$G:$G, TrainingMan!$F:$F, "2-Year") = "Forever", "Valid", IF(X14="", "Not Trained", IF(X14 < TODAY() - 1, "Expired", IF(X14 <= TODAY() + 90, "Expiring", "Valid") ) ) ) -> Expiring | Z14: 44366 | AA14: =IF(LEN(TRIM(Z14)) = 0, "Not Trained", IF(_xlfn.XLOOKUP($D14 & "-" & Z$2, TrainingMan!$G:$G, TrainingMan!$F:$F, "2-Year") = "Forever", "Valid", IF(Z14 < TODAY() - 1, "Expired", IF(Z14 <= TODAY() + 90, "Expiring", "Valid") ) ) ) -> Valid | AB14: 40843 | AC14: 43653 | AD14: 43030 | AE14: 45620 | AF14: 45585 | AG14: 44733 | BB14: 45921 | BC14: 2012-01-11 | BD14: 2024-12-30 | BI14: 43017 | BJ14: B777 | BQ14: =COUNTIF('TrainingReq (Ach)'!B:B,Table13[[#This Row],[Job Title]]) -> 15 | BR14: {=SUMPRODUCT( COUNTIFS( ValidityMatrix[Job Title], Table13[[#This Row],[Job Title]], ValidityMatrix[Training Type], Table13[[#Headers],[Human Factor]:[Mandatory for Supporting]] ), --(Table13[[#This Row],[Human Factor]:[Mandatory for Supporting]]<>""), --(Table13[[#This Row],[Human Factor]:[Mandatory for Supporting]]<>"Not Trained") )} -> 15 | BS14: =BR14/BQ14 -> 1 | BT14: 100.00% | BU14: DIRECT | BV14: A1 A4 | BW14: B777 | BZ14: 8527 | CA14: 1 | CC14: I.A8527 | CD14: 46294 | CE14: =IF( _xlfn.XLOOKUP($D14 & "-" & CD$2, 'TrainingReq (Ach)'!$G:$G, 'TrainingReq (Ach)'!$F:$F, "2-Year") = "Forever", "Valid", IF(CD14="", "Not Trained", IF(CD14 < TODAY() - 1, "Expired", IF(CD14 <= TODAY() + 90, "Expiring", "Valid") ) ) ) -> Expiring | CF14: A null | CG14: 53789 | CH14: =IF( _xlfn.XLOOKUP($D13 & "-" & CG$2, 'TrainingReq (Ach)'!$G:$G, 'TrainingReq (Ach)'!$F:$F, "2-Year") = "Forever", "Valid", IF(CG13="", "Not Trained", IF(CG13 < TODAY() - 1, "Expired", IF(CG13 <= TODAY() + 90, "Expiring", "Valid") ) ) ) -> Valid | CI14: =IF(BW14<>"","Eligible","Not eligible") -> Eligible | CJ14: =IF(BX14<>"","Eligible","Not eligible") -> Not eligible
A15: 13 | B15: 580790 | C15: ARFIN SENO HASTIAN | D15: SENIOR AIRCRAFT CABIN TECHNICIAN | E15: p423 | F15: JKTTLF-1 | G15: JKTTNL-4 | H15: 46640 | I15: =IF( _xlfn.XLOOKUP($D15 & "-" & H$2, 'TrainingReq (Ach)'!G:G, 'TrainingReq (Ach)'!F:F, "2-Year") = "Forever", "Valid", IF(H15="", "Not Trained", IF(H15 < TODAY() - 1, "Expired", IF(H15 <= TODAY() + 90, "Expiring", "Valid") ) ) ) -> Valid | J15: 46640 | K15: =IF( _xlfn.XLOOKUP($D15 & "-" & J$2, 'TrainingReq (Ach)'!G:G, 'TrainingReq (Ach)'!F:F, "2-Year") = "Forever", "Valid", IF(J15="", "Not Trained", IF(J15 < TODAY() - 1, "Expired", IF(J15 <= TODAY() + 90, "Expiring", "Valid") ) ) ) -> Valid | L15: 46810 | M15: =IF( _xlfn.XLOOKUP($D15 & "-" & L$2, TrainingMan!$G:$G, TrainingMan!$F:$F, "2-Year") = "Forever", "Valid", IF(L15="", "Not Trained", IF(L15 < TODAY() - 1, "Expired", IF(L15 <= TODAY() + 90, "Expiring", "Valid") ) ) ) -> Valid | N15: 46793 | O15: =IF( _xlfn.XLOOKUP($D15 & "-" & N$2, TrainingMan!$G:$G, TrainingMan!$F:$F, "2-Year") = "Forever", "Valid", IF(N15="", "Not Trained", IF(N15 < TODAY() - 1, "Expired", IF(N15 <= TODAY() + 90, "Expiring", "Valid") ) ) ) -> Valid | P15: 46793 | Q15: =IF( _xlfn.XLOOKUP($D15 & "-" & P$2, TrainingMan!$G:$G, TrainingMan!$F:$F, "2-Year") = "Forever", "Valid", IF(P15="", "Not Trained", IF(P15 < TODAY() - 1, "Expired", IF(P15 <= TODAY() + 90, "Expiring", "Valid") ) ) ) -> Valid | R15: 46793 | S15: =IF( _xlfn.XLOOKUP($D15 & "-" & R$2, TrainingMan!$G:$G, TrainingMan!$F:$F, "2-Year") = "Forever", "Valid", IF(R15="", "Not Trained", IF(R15 < TODAY() - 1, "Expired", IF(R15 <= TODAY() + 90, "Expiring", "Valid") ) ) ) -> Valid | T15: 46793 | U15: =IF( _xlfn.XLOOKUP($D15 & "-" & T$2, TrainingMan!$G:$G, TrainingMan!$F:$F, "2-Year") = "Forever", "Valid", IF(T15="", "Not Trained", IF(T15 < TODAY() - 1, "Expired", IF(T15 <= TODAY() + 90, "Expiring", "Valid") ) ) ) -> Valid | V15: 46810 | W15: =IF( _xlfn.XLOOKUP($D15 & "-" & V$2, TrainingMan!$G:$G, TrainingMan!$F:$F, "2-Year") = "Forever", "Valid", IF(V15="", "Not Trained", IF(V15 < TODAY() - 1, "Expired", IF(V15 <= TODAY() + 90, "Expiring", "Valid") ) ) ) -> Valid | X15: 46404 | Y15: =IF( _xlfn.XLOOKUP($D15 & "-" & X$2, TrainingMan!$G:$G, TrainingMan!$F:$F, "2-Year") = "Forever", "Valid", IF(X15="", "Not Trained", IF(X15 < TODAY() - 1, "Expired", IF(X15 <= TODAY() + 90, "Expiring", "Valid") ) ) ) -> Valid | Z15: 45449 | AA15: =IF(LEN(TRIM(Z15)) = 0, "Not Trained", IF(_xlfn.XLOOKUP($D15 & "-" & Z$2, TrainingMan!$G:$G, TrainingMan!$F:$F, "2-Year") = "Forever", "Valid", IF(Z15 < TODAY() - 1, "Expired", IF(Z15 <= TODAY() + 90, "Expiring", "Valid") ) ) ) -> Valid | AB15: 43660 | AC15: 44130 | AF15: 44875 | BB15: 46039 | BC15: 2020-03-18 | BD15: 2013-08-26 | BE15: 41513 | BQ15: =COUNTIF('TrainingReq (Ach)'!B:B,Table13[[#This Row],[Job Title]]) -> 13 | BR15: {=SUMPRODUCT( COUNTIFS( ValidityMatrix[Job Title], Table13[[#This Row],[Job Title]], ValidityMatrix[Training Type], Table13[[#Headers],[Human Factor]:[Mandatory for Supporting]] ), --(Table13[[#This Row],[Human Factor]:[Mandatory for Supporting]]<>""), --(Table13[[#This Row],[Human Factor]:[Mandatory for Supporting]]<>"Not Trained") )} -> 13 | BS15: =BR15/BQ15 -> 1 | BT15: 100.00% | BU15: DIRECT | CC15: M.580790 | CE15: =IF( _xlfn.XLOOKUP($D15 & "-" & CD$2, 'TrainingReq (Ach)'!$G:$G, 'TrainingReq (Ach)'!$F:$F, "2-Year") = "Forever", "Valid", IF(CD15="", "Not Trained", IF(CD15 < TODAY() - 1, "Expired", IF(CD15 <= TODAY() + 90, "Expiring", "Valid") ) ) ) -> Not Trained | CF15: A null | CG15: 54205 | CH15: =IF( _xlfn.XLOOKUP($D14 & "-" & CG$2, 'TrainingReq (Ach)'!$G:$G, 'TrainingReq (Ach)'!$F:$F, "2-Year") = "Forever", "Valid", IF(CG14="", "Not Trained", IF(CG14 < TODAY() - 1, "Expired", IF(CG14 <= TODAY() + 90, "Expiring", "Valid") ) ) ) -> Valid | CI15: =IF(BW15<>"","Eligible","Not eligible") -> Not eligible | CJ15: =IF(BX15<>"","Eligible","Not eligible") -> Not eligible
A16: 14 | B16: 580950 | C16: AGUNG PRAYOGI | D16: SENIOR AIRCRAFT MAINTENANCE TECHNICIAN | E16: p422 | F16: JKTTLF-1 | G16: JKTTNL-1 | H16: 46375 | I16: =IF( _xlfn.XLOOKUP($D16 & "-" & H$2, 'TrainingReq (Ach)'!G:G, 'TrainingReq (Ach)'!F:F, "2-Year") = "Forever", "Valid", IF(H16="", "Not Trained", IF(H16 < TODAY() - 1, "Expired", IF(H16 <= TODAY() + 90, "Expiring", "Valid") ) ) ) -> Valid | J16: 46375 | K16: =IF( _xlfn.XLOOKUP($D16 & "-" & J$2, 'TrainingReq (Ach)'!G:G, 'TrainingReq (Ach)'!F:F, "2-Year") = "Forever", "Valid", IF(J16="", "Not Trained", IF(J16 < TODAY() - 1, "Expired", IF(J16 <= TODAY() + 90, "Expiring", "Valid") ) ) ) -> Valid | L16: 46884 | M16: =IF( _xlfn.XLOOKUP($D16 & "-" & L$2, TrainingMan!$G:$G, TrainingMan!$F:$F, "2-Year") = "Forever", "Valid", IF(L16="", "Not Trained", IF(L16 < TODAY() - 1, "Expired", IF(L16 <= TODAY() + 90, "Expiring", "Valid") ) ) ) -> Valid | N16: 46884 | O16: =IF( _xlfn.XLOOKUP($D16 & "-" & N$2, TrainingMan!$G:$G, TrainingMan!$F:$F, "2-Year") = "Forever", "Valid", IF(N16="", "Not Trained", IF(N16 < TODAY() - 1, "Expired", IF(N16 <= TODAY() + 90, "Expiring", "Valid") ) ) ) -> Valid | P16: 46884 | Q16: =IF( _xlfn.XLOOKUP($D16 & "-" & P$2, TrainingMan!$G:$G, TrainingMan!$F:$F, "2-Year") = "Forever", "Valid", IF(P16="", "Not Trained", IF(P16 < TODAY() - 1, "Expired", IF(P16 <= TODAY() + 90, "Expiring", "Valid") ) ) ) -> Valid | R16: 46884 | S16: =IF( _xlfn.XLOOKUP($D16 & "-" & R$2, TrainingMan!$G:$G, TrainingMan!$F:$F, "2-Year") = "Forever", "Valid", IF(R16="", "Not Trained", IF(R16 < TODAY() - 1, "Expired", IF(R16 <= TODAY() + 90, "Expiring", "Valid") ) ) ) -> Valid | T16: 46884 | U16: =IF( _xlfn.XLOOKUP($D16 & "-" & T$2, TrainingMan!$G:$G, TrainingMan!$F:$F, "2-Year") = "Forever", "Valid", IF(T16="", "Not Trained", IF(T16 < TODAY() - 1, "Expired", IF(T16 <= TODAY() + 90, "Expiring", "Valid") ) ) ) -> Valid | V16: 46884 | W16: =IF( _xlfn.XLOOKUP($D16 & "-" & V$2, TrainingMan!$G:$G, TrainingMan!$F:$F, "2-Year") = "Forever", "Valid", IF(V16="", "Not Trained", IF(V16 < TODAY() - 1, "Expired", IF(V16 <= TODAY() + 90, "Expiring", "Valid") ) ) ) -> Valid | X16: 46884 | Y16: =IF( _xlfn.XLOOKUP($D16 & "-" & X$2, TrainingMan!$G:$G, TrainingMan!$F:$F, "2-Year") = "Forever", "Valid", IF(X16="", "Not Trained", IF(X16 < TODAY() - 1, "Expired", IF(X16 <= TODAY() + 90, "Expiring", "Valid") ) ) ) -> Valid | Z16: 45427 | AA16: =IF(LEN(TRIM(Z16)) = 0, "Not Trained", IF(_xlfn.XLOOKUP($D16 & "-" & Z$2, TrainingMan!$G:$G, TrainingMan!$F:$F, "2-Year") = "Forever", "Valid", IF(Z16 < TODAY() - 1, "Expired", IF(Z16 <= TODAY() + 90, "Expiring", "Valid") ) ) ) -> Valid | AB16: 43285 | AC16: 43429 | AD16: 42957 | AE16: 43678 | AF16: 44644 | BB16: 46046 | BC16: 2022-08-31 | BD16: 2024-12-30 | BF16: 41991 | BI16: 44830 | BJ16: B737 | BK16: ATR | BQ16: =COUNTIF('TrainingReq (Ach)'!B:B,Table13[[#This Row],[Job Title]]) -> 15 | BR16: {=SUMPRODUCT( COUNTIFS( ValidityMatrix[Job Title], Table13[[#This Row],[Job Title]], ValidityMatrix[Training Type], Table13[[#Headers],[Human Factor]:[Mandatory for Supporting]] ), --(Table13[[#This Row],[Human Factor]:[Mandatory for Supporting]]<>""), --(Table13[[#This Row],[Human Factor]:[Mandatory for Supporting]]<>"Not Trained") )} -> 15 | BS16: =BR16/BQ16 -> 1 | BT16: 100.00% | BU16: DIRECT | BV16: C1 C2 C4 | BW16: B737 | BX16: ATR | BZ16: 10095 | CC16: I.E10095 | CD16: 47196 | CE16: =IF( _xlfn.XLOOKUP($D16 & "-" & CD$2, 'TrainingReq (Ach)'!$G:$G, 'TrainingReq (Ach)'!$F:$F, "2-Year") = "Forever", "Valid", IF(CD16="", "Not Trained", IF(CD16 < TODAY() - 1, "Expired", IF(CD16 <= TODAY() + 90, "Expiring", "Valid") ) ) ) -> Valid | CF16: A null | CG16: 54372 | CH16: =IF( _xlfn.XLOOKUP($D15 & "-" & CG$2, 'TrainingReq (Ach)'!$G:$G, 'TrainingReq (Ach)'!$F:$F, "2-Year") = "Forever", "Valid", IF(CG15="", "Not Trained", IF(CG15 < TODAY() - 1, "Expired", IF(CG15 <= TODAY() + 90, "Expiring", "Valid") ) ) ) -> Valid | CI16: =IF(BW16<>"","Eligible","Not eligible") -> Eligible | CJ16: =IF(BX16<>"","Eligible","Not eligible") -> Eligible
A17: 15 | B17: 584197 | C17: DAFFA HAUZAN | D17: SENIOR AIRCRAFT CABIN TECHNICIAN | E17: p422 | F17: JKTTLF-1 | G17: JKTTNL-1 | H17: 46409 | I17: =IF( _xlfn.XLOOKUP($D17 & "-" & H$2, 'TrainingReq (Ach)'!G:G, 'TrainingReq (Ach)'!F:F, "2-Year") = "Forever", "Valid", IF(H17="", "Not Trained", IF(H17 < TODAY() - 1, "Expired", IF(H17 <= TODAY() + 90, "Expiring", "Valid") ) ) ) -> Valid | J17: 46417 | K17: =IF( _xlfn.XLOOKUP($D17 & "-" & J$2, 'TrainingReq (Ach)'!G:G, 'TrainingReq (Ach)'!F:F, "2-Year") = "Forever", "Valid", IF(J17="", "Not Trained", IF(J17 < TODAY() - 1, "Expired", IF(J17 <= TODAY() + 90, "Expiring", "Valid") ) ) ) -> Valid | L17: 46401 | M17: =IF( _xlfn.XLOOKUP($D17 & "-" & L$2, TrainingMan!$G:$G, TrainingMan!$F:$F, "2-Year") = "Forever", "Valid", IF(L17="", "Not Trained", IF(L17 < TODAY() - 1, "Expired", IF(L17 <= TODAY() + 90, "Expiring", "Valid") ) ) ) -> Valid | N17: 46396 | O17: =IF( _xlfn.XLOOKUP($D17 & "-" & N$2, TrainingMan!$G:$G, TrainingMan!$F:$F, "2-Year") = "Forever", "Valid", IF(N17="", "Not Trained", IF(N17 < TODAY() - 1, "Expired", IF(N17 <= TODAY() + 90, "Expiring", "Valid") ) ) ) -> Valid | P17: 46396 | Q17: =IF( _xlfn.XLOOKUP($D17 & "-" & P$2, TrainingMan!$G:$G, TrainingMan!$F:$F, "2-Year") = "Forever", "Valid", IF(P17="", "Not Trained", IF(P17 < TODAY() - 1, "Expired", IF(P17 <= TODAY() + 90, "Expiring", "Valid") ) ) ) -> Valid | R17: 46396 | S17: =IF( _xlfn.XLOOKUP($D17 & "-" & R$2, TrainingMan!$G:$G, TrainingMan!$F:$F, "2-Year") = "Forever", "Valid", IF(R17="", "Not Trained", IF(R17 < TODAY() - 1, "Expired", IF(R17 <= TODAY() + 90, "Expiring", "Valid") ) ) ) -> Valid | T17: 46397 | U17: =IF( _xlfn.XLOOKUP($D17 & "-" & T$2, TrainingMan!$G:$G, TrainingMan!$F:$F, "2-Year") = "Forever", "Valid", IF(T17="", "Not Trained", IF(T17 < TODAY() - 1, "Expired", IF(T17 <= TODAY() + 90, "Expiring", "Valid") ) ) ) -> Valid | V17: 46404 | W17: =IF( _xlfn.XLOOKUP($D17 & "-" & V$2, TrainingMan!$G:$G, TrainingMan!$F:$F, "2-Year") = "Forever", "Valid", IF(V17="", "Not Trained", IF(V17 < TODAY() - 1, "Expired", IF(V17 <= TODAY() + 90, "Expiring", "Valid") ) ) ) -> Valid | X17: 46501 | Y17: =IF( _xlfn.XLOOKUP($D17 & "-" & X$2, TrainingMan!$G:$G, TrainingMan!$F:$F, "2-Year") = "Forever", "Valid", IF(X17="", "Not Trained", IF(X17 < TODAY() - 1, "Expired", IF(X17 <= TODAY() + 90, "Expiring", "Valid") ) ) ) -> Valid | Z17: 46568 | AA17: =IF(LEN(TRIM(Z17)) = 0, "Not Trained", IF(_xlfn.XLOOKUP($D17 & "-" & Z$2, TrainingMan!$G:$G, TrainingMan!$F:$F, "2-Year") = "Forever", "Valid", IF(Z17 < TODAY() - 1, "Expired", IF(Z17 <= TODAY() + 90, "Expiring", "Valid") ) ) ) -> Valid | AB17: 46376 | BB17: 45818 | BD17: 2025-01-08 | BQ17: =COUNTIF('TrainingReq (Ach)'!B:B,Table13[[#This Row],[Job Title]]) -> 13 | BR17: {=SUMPRODUCT( COUNTIFS( ValidityMatrix[Job Title], Table13[[#This Row],[Job Title]], ValidityMatrix[Training Type], Table13[[#Headers],[Human Factor]:[Mandatory for Supporting]] ), --(Table13[[#This Row],[Human Factor]:[Mandatory for Supporting]]<>""), --(Table13[[#This Row],[Human Factor]:[Mandatory for Supporting]]<>"Not Trained") )} -> 12 | BS17: =BR17/BQ17 -> 0.92307692 | BT17: 69.23% | BU17: DIRECT | BV17: C1 C2 C4 | CC17: M.584197 | CE17: =IF( _xlfn.XLOOKUP($D17 & "-" & CD$2, 'TrainingReq (Ach)'!$G:$G, 'TrainingReq (Ach)'!$F:$F, "2-Year") = "Forever", "Valid", IF(CD17="", "Not Trained", IF(CD17 < TODAY() - 1, "Expired", IF(CD17 <= TODAY() + 90, "Expiring", "Valid") ) ) ) -> Not Trained | CF17: A null | CH17: =IF( _xlfn.XLOOKUP($D16 & "-" & CG$2, 'TrainingReq (Ach)'!$G:$G, 'TrainingReq (Ach)'!$F:$F, "2-Year") = "Forever", "Valid", IF(CG16="", "Not Trained", IF(CG16 < TODAY() - 1, "Expired", IF(CG16 <= TODAY() + 90, "Expiring", "Valid") ) ) ) -> Valid | CI17: =IF(BW17<>"","Eligible","Not eligible") -> Not eligible | CJ17: =IF(BX17<>"","Eligible","Not eligible") -> Not eligible
A18: 16 | B18: 581601 | C18: OSSA FAUZI | D18: SENIOR AIRCRAFT CABIN TECHNICIAN | E18: p428 | F18: JKTTLF-1 | G18: JKTTNL-5 | H18: 46424 | I18: =IF( _xlfn.XLOOKUP($D18 & "-" & H$2, 'TrainingReq (Ach)'!G:G, 'TrainingReq (Ach)'!F:F, "2-Year") = "Forever", "Valid", IF(H18="", "Not Trained", IF(H18 < TODAY() - 1, "Expired", IF(H18 <= TODAY() + 90, "Expiring", "Valid") ) ) ) -> Valid | J18: 46424 | K18: =IF( _xlfn.XLOOKUP($D18 & "-" & J$2, 'TrainingReq (Ach)'!G:G, 'TrainingReq (Ach)'!F:F, "2-Year") = "Forever", "Valid", IF(J18="", "Not Trained", IF(J18 < TODAY() - 1, "Expired", IF(J18 <= TODAY() + 90, "Expiring", "Valid") ) ) ) -> Valid | L18: 46379 | M18: =IF( _xlfn.XLOOKUP($D18 & "-" & L$2, TrainingMan!$G:$G, TrainingMan!$F:$F, "2-Year") = "Forever", "Valid", IF(L18="", "Not Trained", IF(L18 < TODAY() - 1, "Expired", IF(L18 <= TODAY() + 90, "Expiring", "Valid") ) ) ) -> Valid | N18: 46379 | O18: =IF( _xlfn.XLOOKUP($D18 & "-" & N$2, TrainingMan!$G:$G, TrainingMan!$F:$F, "2-Year") = "Forever", "Valid", IF(N18="", "Not Trained", IF(N18 < TODAY() - 1, "Expired", IF(N18 <= TODAY() + 90, "Expiring", "Valid") ) ) ) -> Valid | P18: 46379 | Q18: =IF( _xlfn.XLOOKUP($D18 & "-" & P$2, TrainingMan!$G:$G, TrainingMan!$F:$F, "2-Year") = "Forever", "Valid", IF(P18="", "Not Trained", IF(P18 < TODAY() - 1, "Expired", IF(P18 <= TODAY() + 90, "Expiring", "Valid") ) ) ) -> Valid | R18: 46379 | S18: =IF( _xlfn.XLOOKUP($D18 & "-" & R$2, TrainingMan!$G:$G, TrainingMan!$F:$F, "2-Year") = "Forever", "Valid", IF(R18="", "Not Trained", IF(R18 < TODAY() - 1, "Expired", IF(R18 <= TODAY() + 90, "Expiring", "Valid") ) ) ) -> Valid | T18: 46379 | U18: =IF( _xlfn.XLOOKUP($D18 & "-" & T$2, TrainingMan!$G:$G, TrainingMan!$F:$F, "2-Year") = "Forever", "Valid", IF(T18="", "Not Trained", IF(T18 < TODAY() - 1, "Expired", IF(T18 <= TODAY() + 90, "Expiring", "Valid") ) ) ) -> Valid | V18: 46379 | W18: =IF( _xlfn.XLOOKUP($D18 & "-" & V$2, TrainingMan!$G:$G, TrainingMan!$F:$F, "2-Year") = "Forever", "Valid", IF(V18="", "Not Trained", IF(V18 < TODAY() - 1, "Expired", IF(V18 <= TODAY() + 90, "Expiring", "Valid") ) ) ) -> Valid | X18: 46379 | Y18: =IF( _xlfn.XLOOKUP($D18 & "-" & X$2, TrainingMan!$G:$G, TrainingMan!$F:$F, "2-Year") = "Forever", "Valid", IF(X18="", "Not Trained", IF(X18 < TODAY() - 1, "Expired", IF(X18 <= TODAY() + 90, "Expiring", "Valid") ) ) ) -> Valid | Z18: 44937 | AA18: =IF(LEN(TRIM(Z18)) = 0, "Not Trained", IF(_xlfn.XLOOKUP($D18 & "-" & Z$2, TrainingMan!$G:$G, TrainingMan!$F:$F, "2-Year") = "Forever", "Valid", IF(Z18 < TODAY() - 1, "Expired", IF(Z18 <= TODAY() + 90, "Expiring", "Valid") ) ) ) -> Valid | AB18: 43303 | AF18: 46076 | BB18: 45371 | BC18: 2019-12-12 | BD18: 2016-02-12 | BE18: 42033 | BQ18: =COUNTIF('TrainingReq (Ach)'!B:B,Table13[[#This Row],[Job Title]]) -> 13 | BR18: {=SUMPRODUCT( COUNTIFS( ValidityMatrix[Job Title], Table13[[#This Row],[Job Title]], ValidityMatrix[Training Type], Table13[[#Headers],[Human Factor]:[Mandatory for Supporting]] ), --(Table13[[#This Row],[Human Factor]:[Mandatory for Supporting]]<>""), --(Table13[[#This Row],[Human Factor]:[Mandatory for Supporting]]<>"Not Trained") )} -> 12 | BS18: =BR18/BQ18 -> 0.92307692 | BT18: 100.00% | BU18: DIRECT | CC18: M.581601 | CE18: =IF( _xlfn.XLOOKUP($D18 & "-" & CD$2, 'TrainingReq (Ach)'!$G:$G, 'TrainingReq (Ach)'!$F:$F, "2-Year") = "Forever", "Valid", IF(CD18="", "Not Trained", IF(CD18 < TODAY() - 1, "Expired", IF(CD18 <= TODAY() + 90, "Expiring", "Valid") ) ) ) -> Not Trained | CF18: A null | CG18: 54087 | CH18: =IF( _xlfn.XLOOKUP($D17 & "-" & CG$2, 'TrainingReq (Ach)'!$G:$G, 'TrainingReq (Ach)'!$F:$F, "2-Year") = "Forever", "Valid", IF(CG17="", "Not Trained", IF(CG17 < TODAY() - 1, "Expired", IF(CG17 <= TODAY() + 90, "Expiring", "Valid") ) ) ) -> Not Trained | CI18: =IF(BW18<>"","Eligible","Not eligible") -> Not eligible | CJ18: =IF(BX18<>"","Eligible","Not eligible") -> Not eligible
A19: 17 | B19: 581602 | C19: RIZAL AZIS | D19: SENIOR AIRCRAFT CABIN TECHNICIAN | E19: p423 | F19: JKTTLF-1 | G19: JKTTNL-1 | H19: 46514 | I19: =IF( _xlfn.XLOOKUP($D19 & "-" & H$2, 'TrainingReq (Ach)'!G:G, 'TrainingReq (Ach)'!F:F, "2-Year") = "Forever", "Valid", IF(H19="", "Not Trained", IF(H19 < TODAY() - 1, "Expired", IF(H19 <= TODAY() + 90, "Expiring", "Valid") ) ) ) -> Valid | J19: 46514 | K19: =IF( _xlfn.XLOOKUP($D19 & "-" & J$2, 'TrainingReq (Ach)'!G:G, 'TrainingReq (Ach)'!F:F, "2-Year") = "Forever", "Valid", IF(J19="", "Not Trained", IF(J19 < TODAY() - 1, "Expired", IF(J19 <= TODAY() + 90, "Expiring", "Valid") ) ) ) -> Valid | L19: 46568 | M19: =IF( _xlfn.XLOOKUP($D19 & "-" & L$2, TrainingMan!$G:$G, TrainingMan!$F:$F, "2-Year") = "Forever", "Valid", IF(L19="", "Not Trained", IF(L19 < TODAY() - 1, "Expired", IF(L19 <= TODAY() + 90, "Expiring", "Valid") ) ) ) -> Valid | N19: 46568 | O19: =IF( _xlfn.XLOOKUP($D19 & "-" & N$2, TrainingMan!$G:$G, TrainingMan!$F:$F, "2-Year") = "Forever", "Valid", IF(N19="", "Not Trained", IF(N19 < TODAY() - 1, "Expired", IF(N19 <= TODAY() + 90, "Expiring", "Valid") ) ) ) -> Valid | P19: 46568 | Q19: =IF( _xlfn.XLOOKUP($D19 & "-" & P$2, TrainingMan!$G:$G, TrainingMan!$F:$F, "2-Year") = "Forever", "Valid", IF(P19="", "Not Trained", IF(P19 < TODAY() - 1, "Expired", IF(P19 <= TODAY() + 90, "Expiring", "Valid") ) ) ) -> Valid | R19: 46568 | S19: =IF( _xlfn.XLOOKUP($D19 & "-" & R$2, TrainingMan!$G:$G, TrainingMan!$F:$F, "2-Year") = "Forever", "Valid", IF(R19="", "Not Trained", IF(R19 < TODAY() - 1, "Expired", IF(R19 <= TODAY() + 90, "Expiring", "Valid") ) ) ) -> Valid | T19: 46568 | U19: =IF( _xlfn.XLOOKUP($D19 & "-" & T$2, TrainingMan!$G:$G, TrainingMan!$F:$F, "2-Year") = "Forever", "Valid", IF(T19="", "Not Trained", IF(T19 < TODAY() - 1, "Expired", IF(T19 <= TODAY() + 90, "Expiring", "Valid") ) ) ) -> Valid | V19: 46568 | W19: =IF( _xlfn.XLOOKUP($D19 & "-" & V$2, TrainingMan!$G:$G, TrainingMan!$F:$F, "2-Year") = "Forever", "Valid", IF(V19="", "Not Trained", IF(V19 < TODAY() - 1, "Expired", IF(V19 <= TODAY() + 90, "Expiring", "Valid") ) ) ) -> Valid | X19: 46568 | Y19: =IF( _xlfn.XLOOKUP($D19 & "-" & X$2, TrainingMan!$G:$G, TrainingMan!$F:$F, "2-Year") = "Forever", "Valid", IF(X19="", "Not Trained", IF(X19 < TODAY() - 1, "Expired", IF(X19 <= TODAY() + 90, "Expiring", "Valid") ) ) ) -> Valid | Z19: 45120 | AA19: =IF(LEN(TRIM(Z19)) = 0, "Not Trained", IF(_xlfn.XLOOKUP($D19 & "-" & Z$2, TrainingMan!$G:$G, TrainingMan!$F:$F, "2-Year") = "Forever", "Valid", IF(Z19 < TODAY() - 1, "Expired", IF(Z19 <= TODAY() + 90, "Expiring", "Valid") ) ) ) -> Valid | AB19: 43303 | AC19: 43934 | AF19: 45029 | BB19: 46108 | BD19: 2016-02-12 | BE19: 42033 | BQ19: =COUNTIF('TrainingReq (Ach)'!B:B,Table13[[#This Row],[Job Title]]) -> 13 | BR19: {=SUMPRODUCT( COUNTIFS( ValidityMatrix[Job Title], Table13[[#This Row],[Job Title]], ValidityMatrix[Training Type], Table13[[#Headers],[Human Factor]:[Mandatory for Supporting]] ), --(Table13[[#This Row],[Human Factor]:[Mandatory for Supporting]]<>""), --(Table13[[#This Row],[Human Factor]:[Mandatory for Supporting]]<>"Not Trained") )} -> 13 | BS19: =BR19/BQ19 -> 1 | BT19: 100.00% | BU19: DIRECT | CC19: M.581602D1 | CE19: =IF( _xlfn.XLOOKUP($D19 & "-" & CD$2, 'TrainingReq (Ach)'!$G:$G, 'TrainingReq (Ach)'!$F:$F, "2-Year") = "Forever", "Valid", IF(CD19="", "Not Trained", IF(CD19 < TODAY() - 1, "Expired", IF(CD19 <= TODAY() + 90, "Expiring", "Valid") ) ) ) -> Not Trained | CF19: A null | CG19: 54112 | CH19: =IF( _xlfn.XLOOKUP($D18 & "-" & CG$2, 'TrainingReq (Ach)'!$G:$G, 'TrainingReq (Ach)'!$F:$F, "2-Year") = "Forever", "Valid", IF(CG18="", "Not Trained", IF(CG18 < TODAY() - 1, "Expired", IF(CG18 <= TODAY() + 90, "Expiring", "Valid") ) ) ) -> Valid | CI19: =IF(BW19<>"","Eligible","Not eligible") -> Not eligible | CJ19: =IF(BX19<>"","Eligible","Not eligible") -> Not eligible
A20: 18 | B20: 581603 | C20: YOSEP APISENA | D20: SENIOR AIRCRAFT CABIN TECHNICIAN | E20: p423 | F20: JKTTLF-1 | G20: JKTTNL-1 | H20: 46360 | I20: =IF( _xlfn.XLOOKUP($D20 & "-" & H$2, 'TrainingReq (Ach)'!G:G, 'TrainingReq (Ach)'!F:F, "2-Year") = "Forever", "Valid", IF(H20="", "Not Trained", IF(H20 < TODAY() - 1, "Expired", IF(H20 <= TODAY() + 90, "Expiring", "Valid") ) ) ) -> Valid | J20: 46360 | K20: =IF( _xlfn.XLOOKUP($D20 & "-" & J$2, 'TrainingReq (Ach)'!G:G, 'TrainingReq (Ach)'!F:F, "2-Year") = "Forever", "Valid", IF(J20="", "Not Trained", IF(J20 < TODAY() - 1, "Expired", IF(J20 <= TODAY() + 90, "Expiring", "Valid") ) ) ) -> Valid | L20: 46381 | M20: =IF( _xlfn.XLOOKUP($D20 & "-" & L$2, TrainingMan!$G:$G, TrainingMan!$F:$F, "2-Year") = "Forever", "Valid", IF(L20="", "Not Trained", IF(L20 < TODAY() - 1, "Expired", IF(L20 <= TODAY() + 90, "Expiring", "Valid") ) ) ) -> Valid | N20: 46381 | O20: =IF( _xlfn.XLOOKUP($D20 & "-" & N$2, TrainingMan!$G:$G, TrainingMan!$F:$F, "2-Year") = "Forever", "Valid", IF(N20="", "Not Trained", IF(N20 < TODAY() - 1, "Expired", IF(N20 <= TODAY() + 90, "Expiring", "Valid") ) ) ) -> Valid | P20: 46381 | Q20: =IF( _xlfn.XLOOKUP($D20 & "-" & P$2, TrainingMan!$G:$G, TrainingMan!$F:$F, "2-Year") = "Forever", "Valid", IF(P20="", "Not Trained", IF(P20 < TODAY() - 1, "Expired", IF(P20 <= TODAY() + 90, "Expiring", "Valid") ) ) ) -> Valid | R20: 46381 | S20: =IF( _xlfn.XLOOKUP($D20 & "-" & R$2, TrainingMan!$G:$G, TrainingMan!$F:$F, "2-Year") = "Forever", "Valid", IF(R20="", "Not Trained", IF(R20 < TODAY() - 1, "Expired", IF(R20 <= TODAY() + 90, "Expiring", "Valid") ) ) ) -> Valid | T20: 46391 | U20: =IF( _xlfn.XLOOKUP($D20 & "-" & T$2, TrainingMan!$G:$G, TrainingMan!$F:$F, "2-Year") = "Forever", "Valid", IF(T20="", "Not Trained", IF(T20 < TODAY() - 1, "Expired", IF(T20 <= TODAY() + 90, "Expiring", "Valid") ) ) ) -> Valid | V20: 46386 | W20: =IF( _xlfn.XLOOKUP($D20 & "-" & V$2, TrainingMan!$G:$G, TrainingMan!$F:$F, "2-Year") = "Forever", "Valid", IF(V20="", "Not Trained", IF(V20 < TODAY() - 1, "Expired", IF(V20 <= TODAY() + 90, "Expiring", "Valid") ) ) ) -> Valid | X20: 46386 | Y20: =IF( _xlfn.XLOOKUP($D20 & "-" & X$2, TrainingMan!$G:$G, TrainingMan!$F:$F, "2-Year") = "Forever", "Valid", IF(X20="", "Not Trained", IF(X20 < TODAY() - 1, "Expired", IF(X20 <= TODAY() + 90, "Expiring", "Valid") ) ) ) -> Valid | Z20: 45028 | AA20: =IF(LEN(TRIM(Z20)) = 0, "Not Trained", IF(_xlfn.XLOOKUP($D20 & "-" & Z$2, TrainingMan!$G:$G, TrainingMan!$F:$F, "2-Year") = "Forever", "Valid", IF(Z20 < TODAY() - 1, "Expired", IF(Z20 <= TODAY() + 90, "Expiring", "Valid") ) ) ) -> Valid | AB20: 43688 | AC20: 45720 | AD20: 46062 | AF20: 44720 | BB20: 46255 | BC20: 2019-12-12 | BD20: 2016-02-12 | BE20: 42033 | BI20: 45337 | BJ20: A330 | BQ20: =COUNTIF('TrainingReq (Ach)'!B:B,Table13[[#This Row],[Job Title]]) -> 13 | BR20: {=SUMPRODUCT( COUNTIFS( ValidityMatrix[Job Title], Table13[[#This Row],[Job Title]], ValidityMatrix[Training Type], Table13[[#Headers],[Human Factor]:[Mandatory for Supporting]] ), --(Table13[[#This Row],[Human Factor]:[Mandatory for Supporting]]<>""), --(Table13[[#This Row],[Human Factor]:[Mandatory for Supporting]]<>"Not Trained") )} -> 13 | BS20: =BR20/BQ20 -> 1 | BT20: 100.00% | BU20: DIRECT | BV20: C1 C2 C4 | BW20: A330 | BZ20: 14175 | CA20: 1 | CC20: I.E14175 | CE20: =IF( _xlfn.XLOOKUP($D20 & "-" & CD$2, 'TrainingReq (Ach)'!$G:$G, 'TrainingReq (Ach)'!$F:$F, "2-Year") = "Forever", "Valid", IF(CD20="", "Not Trained", IF(CD20 < TODAY() - 1, "Expired", IF(CD20 <= TODAY() + 90, "Expiring", "Valid") ) ) ) -> Not Trained | CF20: A null | CG20: 55132 | CH20: =IF( _xlfn.XLOOKUP($D19 & "-" & CG$2, 'TrainingReq (Ach)'!$G:$G, 'TrainingReq (Ach)'!$F:$F, "2-Year") = "Forever", "Valid", IF(CG19="", "Not Trained", IF(CG19 < TODAY() - 1, "Expired", IF(CG19 <= TODAY() + 90, "Expiring", "Valid") ) ) ) -> Valid | CI20: =IF(BW20<>"","Eligible","Not eligible") -> Eligible | CJ20: =IF(BX20<>"","Eligible","Not eligible") -> Not eligible
A21: 19 | B21: 782740 | C21: RAHMAT NURPALAH | D21: Aircraft Cabin Technician (PKWT NP) | E21: p428 | F21: JKTTLF-1 | G21: JKTTNL-1 | H21: 46487 | I21: =IF( _xlfn.XLOOKUP($D21 & "-" & H$2, 'TrainingReq (Ach)'!G:G, 'TrainingReq (Ach)'!F:F, "2-Year") = "Forever", "Valid", IF(H21="", "Not Trained", IF(H21 < TODAY() - 1, "Expired", IF(H21 <= TODAY() + 90, "Expiring", "Valid") ) ) ) -> Valid | J21: 46550 | K21: =IF( _xlfn.XLOOKUP($D21 & "-" & J$2, 'TrainingReq (Ach)'!G:G, 'TrainingReq (Ach)'!F:F, "2-Year") = "Forever", "Valid", IF(J21="", "Not Trained", IF(J21 < TODAY() - 1, "Expired", IF(J21 <= TODAY() + 90, "Expiring", "Valid") ) ) ) -> Valid | L21: =Table13[[#This Row],[Mandatory for Supporting]] -> 44986 | M21: =IF( _xlfn.XLOOKUP($D21 & "-" & L$2, TrainingMan!$G:$G, TrainingMan!$F:$F, "2-Year") = "Forever", "Valid", IF(L21="", "Not Trained", IF(L21 < TODAY() - 1, "Expired", IF(L21 <= TODAY() + 90, "Expiring", "Valid") ) ) ) -> Valid | N21: 45968 | P21: 45968 | R21: 45968 | T21: 45968 | AB21: 45801 | BB21: 45119 | BD21: 45819 | BP21: 44986 | BQ21: =COUNTIF('TrainingReq (Ach)'!B:B,Table13[[#This Row],[Job Title]]) -> 3 | BR21: {=SUMPRODUCT( COUNTIFS( ValidityMatrix[Job Title], Table13[[#This Row],[Job Title]], ValidityMatrix[Training Type], Table13[[#Headers],[Human Factor]:[Mandatory for Supporting]] ), --(Table13[[#This Row],[Human Factor]:[Mandatory for Supporting]]<>""), --(Table13[[#This Row],[Human Factor]:[Mandatory for Supporting]]<>"Not Trained") )} -> 3 | BS21: =BR21/BQ21 -> 1 | BT21: 45.45% | BU21: DIRECT | CE21: =IF( _xlfn.XLOOKUP($D21 & "-" & CD$2, 'TrainingReq (Ach)'!$G:$G, 'TrainingReq (Ach)'!$F:$F, "2-Year") = "Forever", "Valid", IF(CD21="", "Not Trained", IF(CD21 < TODAY() - 1, "Expired", IF(CD21 <= TODAY() + 90, "Expiring", "Valid") ) ) ) -> Not Trained | CF21: A null | CH21: =IF( _xlfn.XLOOKUP($D20 & "-" & CG$2, 'TrainingReq (Ach)'!$G:$G, 'TrainingReq (Ach)'!$F:$F, "2-Year") = "Forever", "Valid", IF(CG20="", "Not Trained", IF(CG20 < TODAY() - 1, "Expired", IF(CG20 <= TODAY() + 90, "Expiring", "Valid") ) ) ) -> Valid | CI21: =IF(BW21<>"","Eligible","Not eligible") -> Not eligible | CJ21: =IF(BX21<>"","Eligible","Not eligible") -> Not eligible
A22: 20 | B22: 782741 | C22: AHMAD SOFYAN HARIRI | D22: Aircraft Cabin Technician (PKWT NP) | E22: p428 | F22: JKTTLF-1 | G22: JKTTNL-1 | H22: 46487 | I22: =IF( _xlfn.XLOOKUP($D22 & "-" & H$2, 'TrainingReq (Ach)'!G:G, 'TrainingReq (Ach)'!F:F, "2-Year") = "Forever", "Valid", IF(H22="", "Not Trained", IF(H22 < TODAY() - 1, "Expired", IF(H22 <= TODAY() + 90, "Expiring", "Valid") ) ) ) -> Valid | J22: 46520 | K22: =IF( _xlfn.XLOOKUP($D22 & "-" & J$2, 'TrainingReq (Ach)'!G:G, 'TrainingReq (Ach)'!F:F, "2-Year") = "Forever", "Valid", IF(J22="", "Not Trained", IF(J22 < TODAY() - 1, "Expired", IF(J22 <= TODAY() + 90, "Expiring", "Valid") ) ) ) -> Valid | L22: =Table13[[#This Row],[Mandatory for Supporting]] -> 44986 | M22: =IF( _xlfn.XLOOKUP($D22 & "-" & L$2, TrainingMan!$G:$G, TrainingMan!$F:$F, "2-Year") = "Forever", "Valid", IF(L22="", "Not Trained", IF(L22 < TODAY() - 1, "Expired", IF(L22 <= TODAY() + 90, "Expiring", "Valid") ) ) ) -> Valid | AB22: 45817 | BB22: 45133 | BD22: 45855 | BP22: 44986 | BQ22: =COUNTIF('TrainingReq (Ach)'!B:B,Table13[[#This Row],[Job Title]]) -> 3 | BR22: {=SUMPRODUCT( COUNTIFS( ValidityMatrix[Job Title], Table13[[#This Row],[Job Title]], ValidityMatrix[Training Type], Table13[[#Headers],[Human Factor]:[Mandatory for Supporting]] ), --(Table13[[#This Row],[Human Factor]:[Mandatory for Supporting]]<>""), --(Table13[[#This Row],[Human Factor]:[Mandatory for Supporting]]<>"Not Trained") )} -> 3 | BS22: =BR22/BQ22 -> 1 | BT22: 9.09% | BU22: DIRECT | CE22: =IF( _xlfn.XLOOKUP($D22 & "-" & CD$2, 'TrainingReq (Ach)'!$G:$G, 'TrainingReq (Ach)'!$F:$F, "2-Year") = "Forever", "Valid", IF(CD22="", "Not Trained", IF(CD22 < TODAY() - 1, "Expired", IF(CD22 <= TODAY() + 90, "Expiring", "Valid") ) ) ) -> Not Trained | CF22: A null | CH22: =IF( _xlfn.XLOOKUP($D21 & "-" & CG$2, 'TrainingReq (Ach)'!$G:$G, 'TrainingReq (Ach)'!$F:$F, "2-Year") = "Forever", "Valid", IF(CG21="", "Not Trained", IF(CG21 < TODAY() - 1, "Expired", IF(CG21 <= TODAY() + 90, "Expiring", "Valid") ) ) ) -> Not Trained | CI22: =IF(BW22<>"","Eligible","Not eligible") -> Not eligible | CJ22: =IF(BX22<>"","Eligible","Not eligible") -> Not eligible
A23: 21 | B23: 783021 | C23: MOHAMMAD FAIZ | D23: Aircraft Cabin Technician (PKWT NP) | E23: p428 | F23: JKTTLF-1 | G23: JKTTNL-1 | H23: 46639 | I23: =IF( _xlfn.XLOOKUP($D23 & "-" & H$2, 'TrainingReq (Ach)'!G:G, 'TrainingReq (Ach)'!F:F, "2-Year") = "Forever", "Valid", IF(H23="", "Not Trained", IF(H23 < TODAY() - 1, "Expired", IF(H23 <= TODAY() + 90, "Expiring", "Valid") ) ) ) -> Valid | J23: 46612 | K23: =IF( _xlfn.XLOOKUP($D23 & "-" & J$2, 'TrainingReq (Ach)'!G:G, 'TrainingReq (Ach)'!F:F, "2-Year") = "Forever", "Valid", IF(J23="", "Not Trained", IF(J23 < TODAY() - 1, "Expired", IF(J23 <= TODAY() + 90, "Expiring", "Valid") ) ) ) -> Valid | L23: =Table13[[#This Row],[Mandatory for Supporting]] -> 45265 | M23: =IF( _xlfn.XLOOKUP($D23 & "-" & L$2, TrainingMan!$G:$G, TrainingMan!$F:$F, "2-Year") = "Forever", "Valid", IF(L23="", "Not Trained", IF(L23 < TODAY() - 1, "Expired", IF(L23 <= TODAY() + 90, "Expiring", "Valid") ) ) ) -> Valid | AB23: 46004 | BD23: 2024-03-08 | BP23: 45265 | BQ23: =COUNTIF('TrainingReq (Ach)'!B:B,Table13[[#This Row],[Job Title]]) -> 3 | BR23: {=SUMPRODUCT( COUNTIFS( ValidityMatrix[Job Title], Table13[[#This Row],[Job Title]], ValidityMatrix[Training Type], Table13[[#Headers],[Human Factor]:[Mandatory for Supporting]] ), --(Table13[[#This Row],[Human Factor]:[Mandatory for Supporting]]<>""), --(Table13[[#This Row],[Human Factor]:[Mandatory for Supporting]]<>"Not Trained") )} -> 3 | BS23: =BR23/BQ23 -> 1 | BT23: 18.18% | BU23: DIRECT | CE23: =IF( _xlfn.XLOOKUP($D23 & "-" & CD$2, 'TrainingReq (Ach)'!$G:$G, 'TrainingReq (Ach)'!$F:$F, "2-Year") = "Forever", "Valid", IF(CD23="", "Not Trained", IF(CD23 < TODAY() - 1, "Expired", IF(CD23 <= TODAY() + 90, "Expiring", "Valid") ) ) ) -> Not Trained | CF23: A null | CH23: =IF( _xlfn.XLOOKUP($D22 & "-" & CG$2, 'TrainingReq (Ach)'!$G:$G, 'TrainingReq (Ach)'!$F:$F, "2-Year") = "Forever", "Valid", IF(CG22="", "Not Trained", IF(CG22 < TODAY() - 1, "Expired", IF(CG22 <= TODAY() + 90, "Expiring", "Valid") ) ) ) -> Not Trained | CI23: =IF(BW23<>"","Eligible","Not eligible") -> Not eligible | CJ23: =IF(BX23<>"","Eligible","Not eligible") -> Not eligible
A24: 22 | B24: 580786 | C24: ILHAM NUGRAHA | D24: SENIOR AIRCRAFT CABIN TECHNICIAN | E24: p423 | F24: JKTTLF-2 | G24: JKTTNL-2 | H24: 46547 | I24: =IF( _xlfn.XLOOKUP($D24 & "-" & H$2, 'TrainingReq (Ach)'!G:G, 'TrainingReq (Ach)'!F:F, "2-Year") = "Forever", "Valid", IF(H24="", "Not Trained", IF(H24 < TODAY() - 1, "Expired", IF(H24 <= TODAY() + 90, "Expiring", "Valid") ) ) ) -> Valid | J24: 46547 | K24: =IF( _xlfn.XLOOKUP($D24 & "-" & J$2, 'TrainingReq (Ach)'!G:G, 'TrainingReq (Ach)'!F:F, "2-Year") = "Forever", "Valid", IF(J24="", "Not Trained", IF(J24 < TODAY() - 1, "Expired", IF(J24 <= TODAY() + 90, "Expiring", "Valid") ) ) ) -> Valid | L24: 46318 | M24: =IF( _xlfn.XLOOKUP($D24 & "-" & L$2, TrainingMan!$G:$G, TrainingMan!$F:$F, "2-Year") = "Forever", "Valid", IF(L24="", "Not Trained", IF(L24 < TODAY() - 1, "Expired", IF(L24 <= TODAY() + 90, "Expiring", "Valid") ) ) ) -> Expiring | N24: 46601 | O24: =IF( _xlfn.XLOOKUP($D24 & "-" & N$2, TrainingMan!$G:$G, TrainingMan!$F:$F, "2-Year") = "Forever", "Valid", IF(N24="", "Not Trained", IF(N24 < TODAY() - 1, "Expired", IF(N24 <= TODAY() + 90, "Expiring", "Valid") ) ) ) -> Valid | P24: 46601 | Q24: =IF( _xlfn.XLOOKUP($D24 & "-" & P$2, TrainingMan!$G:$G, TrainingMan!$F:$F, "2-Year") = "Forever", "Valid", IF(P24="", "Not Trained", IF(P24 < TODAY() - 1, "Expired", IF(P24 <= TODAY() + 90, "Expiring", "Valid") ) ) ) -> Valid | R24: 46601 | S24: =IF( _xlfn.XLOOKUP($D24 & "-" & R$2, TrainingMan!$G:$G, TrainingMan!$F:$F, "2-Year") = "Forever", "Valid", IF(R24="", "Not Trained", IF(R24 < TODAY() - 1, "Expired", IF(R24 <= TODAY() + 90, "Expiring", "Valid") ) ) ) -> Valid | T24: 46601 | U24: =IF( _xlfn.XLOOKUP($D24 & "-" & T$2, TrainingMan!$G:$G, TrainingMan!$F:$F, "2-Year") = "Forever", "Valid", IF(T24="", "Not Trained", IF(T24 < TODAY() - 1, "Expired", IF(T24 <= TODAY() + 90, "Expiring", "Valid") ) ) ) -> Valid | V24: 46383 | W24: =IF( _xlfn.XLOOKUP($D24 & "-" & V$2, TrainingMan!$G:$G, TrainingMan!$F:$F, "2-Year") = "Forever", "Valid", IF(V24="", "Not Trained", IF(V24 < TODAY() - 1, "Expired", IF(V24 <= TODAY() + 90, "Expiring", "Valid") ) ) ) -> Valid | X24: 46601 | Y24: =IF( _xlfn.XLOOKUP($D24 & "-" & X$2, TrainingMan!$G:$G, TrainingMan!$F:$F, "2-Year") = "Forever", "Valid", IF(X24="", "Not Trained", IF(X24 < TODAY() - 1, "Expired", IF(X24 <= TODAY() + 90, "Expiring", "Valid") ) ) ) -> Valid | Z24: 44709 | AA24: =IF(LEN(TRIM(Z24)) = 0, "Not Trained", IF(_xlfn.XLOOKUP($D24 & "-" & Z$2, TrainingMan!$G:$G, TrainingMan!$F:$F, "2-Year") = "Forever", "Valid", IF(Z24 < TODAY() - 1, "Expired", IF(Z24 <= TODAY() + 90, "Expiring", "Valid") ) ) ) -> Valid | AB24: 43889 | AC24: 44165 | AD24: 46087 | BB24: 45894 | BC24: 2020-03-18 | BD24: 2014-08-29 | BE24: 41513 | BI24: 45414 | BJ24: A330 | BQ24: =COUNTIF('TrainingReq (Ach)'!B:B,Table13[[#This Row],[Job Title]]) -> 13 | BR24: {=SUMPRODUCT( COUNTIFS( ValidityMatrix[Job Title], Table13[[#This Row],[Job Title]], ValidityMatrix[Training Type], Table13[[#Headers],[Human Factor]:[Mandatory for Supporting]] ), --(Table13[[#This Row],[Human Factor]:[Mandatory for Supporting]]<>""), --(Table13[[#This Row],[Human Factor]:[Mandatory for Supporting]]<>"Not Trained") )} -> 13 | BS24: =BR24/BQ24 -> 1 | BT24: 92.31% | BU24: DIRECT | BV24: C1 C2 C4 | BW24: A330 | BZ24: 12097 | CA24: 1 | CC24: M.580786 | CE24: =IF( _xlfn.XLOOKUP($D24 & "-" & CD$2, 'TrainingReq (Ach)'!$G:$G, 'TrainingReq (Ach)'!$F:$F, "2-Year") = "Forever", "Valid", IF(CD24="", "Not Trained", IF(CD24 < TODAY() - 1, "Expired", IF(CD24 <= TODAY() + 90, "Expiring", "Valid") ) ) ) -> Not Trained | CF24: A null | CG24: 54007 | CH24: =IF( _xlfn.XLOOKUP($D23 & "-" & CG$2, 'TrainingReq (Ach)'!$G:$G, 'TrainingReq (Ach)'!$F:$F, "2-Year") = "Forever", "Valid", IF(CG23="", "Not Trained", IF(CG23 < TODAY() - 1, "Expired", IF(CG23 <= TODAY() + 90, "Expiring", "Valid") ) ) ) -> Not Trained | CI24: =IF(BW24<>"","Eligible","Not eligible") -> Eligible | CJ24: =IF(BX24<>"","Eligible","Not eligible") -> Not eligible
A25: 23 | B25: 581619 | C25: ARIF FIKRY ABDUL MUBAROK | D25: SENIOR AIRCRAFT MAINTENANCE TECHNICIAN | E25: p422 | F25: JKTTLF-2 | G25: JKTTNL-2 | H25: 46514 | I25: =IF( _xlfn.XLOOKUP($D25 & "-" & H$2, 'TrainingReq (Ach)'!G:G, 'TrainingReq (Ach)'!F:F, "2-Year") = "Forever", "Valid", IF(H25="", "Not Trained", IF(H25 < TODAY() - 1, "Expired", IF(H25 <= TODAY() + 90, "Expiring", "Valid") ) ) ) -> Valid | J25: 46514 | K25: =IF( _xlfn.XLOOKUP($D25 & "-" & J$2, 'TrainingReq (Ach)'!G:G, 'TrainingReq (Ach)'!F:F, "2-Year") = "Forever", "Valid", IF(J25="", "Not Trained", IF(J25 < TODAY() - 1, "Expired", IF(J25 <= TODAY() + 90, "Expiring", "Valid") ) ) ) -> Valid | L25: 46547 | M25: =IF( _xlfn.XLOOKUP($D25 & "-" & L$2, TrainingMan!$G:$G, TrainingMan!$F:$F, "2-Year") = "Forever", "Valid", IF(L25="", "Not Trained", IF(L25 < TODAY() - 1, "Expired", IF(L25 <= TODAY() + 90, "Expiring", "Valid") ) ) ) -> Valid | N25: 46606 | O25: =IF( _xlfn.XLOOKUP($D25 & "-" & N$2, TrainingMan!$G:$G, TrainingMan!$F:$F, "2-Year") = "Forever", "Valid", IF(N25="", "Not Trained", IF(N25 < TODAY() - 1, "Expired", IF(N25 <= TODAY() + 90, "Expiring", "Valid") ) ) ) -> Valid | P25: 46606 | Q25: =IF( _xlfn.XLOOKUP($D25 & "-" & P$2, TrainingMan!$G:$G, TrainingMan!$F:$F, "2-Year") = "Forever", "Valid", IF(P25="", "Not Trained", IF(P25 < TODAY() - 1, "Expired", IF(P25 <= TODAY() + 90, "Expiring", "Valid") ) ) ) -> Valid | R25: 46551 | S25: =IF( _xlfn.XLOOKUP($D25 & "-" & R$2, TrainingMan!$G:$G, TrainingMan!$F:$F, "2-Year") = "Forever", "Valid", IF(R25="", "Not Trained", IF(R25 < TODAY() - 1, "Expired", IF(R25 <= TODAY() + 90, "Expiring", "Valid") ) ) ) -> Valid | T25: 46606 | U25: =IF( _xlfn.XLOOKUP($D25 & "-" & T$2, TrainingMan!$G:$G, TrainingMan!$F:$F, "2-Year") = "Forever", "Valid", IF(T25="", "Not Trained", IF(T25 < TODAY() - 1, "Expired", IF(T25 <= TODAY() + 90, "Expiring", "Valid") ) ) ) -> Valid | V25: 46551 | W25: =IF( _xlfn.XLOOKUP($D25 & "-" & V$2, TrainingMan!$G:$G, TrainingMan!$F:$F, "2-Year") = "Forever", "Valid", IF(V25="", "Not Trained", IF(V25 < TODAY() - 1, "Expired", IF(V25 <= TODAY() + 90, "Expiring", "Valid") ) ) ) -> Valid | X25: 46606 | Y25: =IF( _xlfn.XLOOKUP($D25 & "-" & X$2, TrainingMan!$G:$G, TrainingMan!$F:$F, "2-Year") = "Forever", "Valid", IF(X25="", "Not Trained", IF(X25 < TODAY() - 1, "Expired", IF(X25 <= TODAY() + 90, "Expiring", "Valid") ) ) ) -> Valid | Z25: 45004 | AA25: =IF(LEN(TRIM(Z25)) = 0, "Not Trained", IF(_xlfn.XLOOKUP($D25 & "-" & Z$2, TrainingMan!$G:$G, TrainingMan!$F:$F, "2-Year") = "Forever", "Valid", IF(Z25 < TODAY() - 1, "Expired", IF(Z25 <= TODAY() + 90, "Expiring", "Valid") ) ) ) -> Valid | AB25: 43742 | AC25: 45803 | AD25: 45338 | BB25: 45999 | BC25: 2019-12-12 | BD25: 2016-02-12 | BE25: 42033 | BI25: 44788 | BJ25: A330 | BN25: 2023-06-28 | BQ25: =COUNTIF('TrainingReq (Ach)'!B:B,Table13[[#This Row],[Job Title]]) -> 15 | BR25: {=SUMPRODUCT( COUNTIFS( ValidityMatrix[Job Title], Table13[[#This Row],[Job Title]], ValidityMatrix[Training Type], Table13[[#Headers],[Human Factor]:[Mandatory for Supporting]] ), --(Table13[[#This Row],[Human Factor]:[Mandatory for Supporting]]<>""), --(Table13[[#This Row],[Human Factor]:[Mandatory for Supporting]]<>"Not Trained") )} -> 15 | BS25: =BR25/BQ25 -> 1 | BT25: 84.62% | BU25: DIRECT | BV25: A1 A4 | BW25: A330 | BZ25: 12024 | CC25: M.581619 | CD25: 46683 | CE25: =IF( _xlfn.XLOOKUP($D25 & "-" & CD$2, 'TrainingReq (Ach)'!$G:$G, 'TrainingReq (Ach)'!$F:$F, "2-Year") = "Forever", "Valid", IF(CD25="", "Not Trained", IF(CD25 < TODAY() - 1, "Expired", IF(CD25 <= TODAY() + 90, "Expiring", "Valid") ) ) ) -> Valid | CF25: A null | CG25: 55438 | CH25: =IF( _xlfn.XLOOKUP($D24 & "-" & CG$2, 'TrainingReq (Ach)'!$G:$G, 'TrainingReq (Ach)'!$F:$F, "2-Year") = "Forever", "Valid", IF(CG24="", "Not Trained", IF(CG24 < TODAY() - 1, "Expired", IF(CG24 <= TODAY() + 90, "Expiring", "Valid") ) ) ) -> Valid | CI25: =IF(BW25<>"","Eligible","Not eligible") -> Eligible | CJ25: =IF(BX25<>"","Eligible","Not eligible") -> Not eligible
A26: 24 | B26: 582686 | C26: SYAFRIZAL D A M | D26: SENIOR AIRCRAFT MAINTENANCE TECHNICIAN | E26: p422 | F26: JKTTLF-2 | G26: JKTTNL-2 | H26: 46549 | I26: =IF( _xlfn.XLOOKUP($D26 & "-" & H$2, 'TrainingReq (Ach)'!G:G, 'TrainingReq (Ach)'!F:F, "2-Year") = "Forever", "Valid", IF(H26="", "Not Trained", IF(H26 < TODAY() - 1, "Expired", IF(H26 <= TODAY() + 90, "Expiring", "Valid") ) ) ) -> Valid | J26: 46549 | K26: =IF( _xlfn.XLOOKUP($D26 & "-" & J$2, 'TrainingReq (Ach)'!G:G, 'TrainingReq (Ach)'!F:F, "2-Year") = "Forever", "Valid", IF(J26="", "Not Trained", IF(J26 < TODAY() - 1, "Expired", IF(J26 <= TODAY() + 90, "Expiring", "Valid") ) ) ) -> Valid | L26: 46605 | M26: =IF( _xlfn.XLOOKUP($D26 & "-" & L$2, TrainingMan!$G:$G, TrainingMan!$F:$F, "2-Year") = "Forever", "Valid", IF(L26="", "Not Trained", IF(L26 < TODAY() - 1, "Expired", IF(L26 <= TODAY() + 90, "Expiring", "Valid") ) ) ) -> Valid | N26: 46788 | O26: =IF( _xlfn.XLOOKUP($D26 & "-" & N$2, TrainingMan!$G:$G, TrainingMan!$F:$F, "2-Year") = "Forever", "Valid", IF(N26="", "Not Trained", IF(N26 < TODAY() - 1, "Expired", IF(N26 <= TODAY() + 90, "Expiring", "Valid") ) ) ) -> Valid | P26: 46788 | Q26: =IF( _xlfn.XLOOKUP($D26 & "-" & P$2, TrainingMan!$G:$G, TrainingMan!$F:$F, "2-Year") = "Forever", "Valid", IF(P26="", "Not Trained", IF(P26 < TODAY() - 1, "Expired", IF(P26 <= TODAY() + 90, "Expiring", "Valid") ) ) ) -> Valid | R26: 46788 | S26: =IF( _xlfn.XLOOKUP($D26 & "-" & R$2, TrainingMan!$G:$G, TrainingMan!$F:$F, "2-Year") = "Forever", "Valid", IF(R26="", "Not Trained", IF(R26 < TODAY() - 1, "Expired", IF(R26 <= TODAY() + 90, "Expiring", "Valid") ) ) ) -> Valid | T26: 46788 | U26: =IF( _xlfn.XLOOKUP($D26 & "-" & T$2, TrainingMan!$G:$G, TrainingMan!$F:$F, "2-Year") = "Forever", "Valid", IF(T26="", "Not Trained", IF(T26 < TODAY() - 1, "Expired", IF(T26 <= TODAY() + 90, "Expiring", "Valid") ) ) ) -> Valid | V26: 46472 | W26: =IF( _xlfn.XLOOKUP($D26 & "-" & V$2, TrainingMan!$G:$G, TrainingMan!$F:$F, "2-Year") = "Forever", "Valid", IF(V26="", "Not Trained", IF(V26 < TODAY() - 1, "Expired", IF(V26 <= TODAY() + 90, "Expiring", "Valid") ) ) ) -> Valid | X26: 46472 | Y26: =IF( _xlfn.XLOOKUP($D26 & "-" & X$2, TrainingMan!$G:$G, TrainingMan!$F:$F, "2-Year") = "Forever", "Valid", IF(X26="", "Not Trained", IF(X26 < TODAY() - 1, "Expired", IF(X26 <= TODAY() + 90, "Expiring", "Valid") ) ) ) -> Valid | Z26: 44915 | AA26: =IF(LEN(TRIM(Z26)) = 0, "Not Trained", IF(_xlfn.XLOOKUP($D26 & "-" & Z$2, TrainingMan!$G:$G, TrainingMan!$F:$F, "2-Year") = "Forever", "Valid", IF(Z26 < TODAY() - 1, "Expired", IF(Z26 <= TODAY() + 90, "Expiring", "Valid") ) ) ) -> Valid | AB26: 44277 | AC26: 45429 | AD26: 44547 | AE26: 45015 | AF26: 43287 | BB26: 46190 | BC26: 2022-01-19 | BD26: 2018-04-11 | BI26: 44151 | BJ26: B777 | BN26: 2025-01-10 | BQ26: =COUNTIF('TrainingReq (Ach)'!B:B,Table13[[#This Row],[Job Title]]) -> 15 | BR26: {=SUMPRODUCT( COUNTIFS( ValidityMatrix[Job Title], Table13[[#This Row],[Job Title]], ValidityMatrix[Training Type], Table13[[#Headers],[Human Factor]:[Mandatory for Supporting]] ), --(Table13[[#This Row],[Human Factor]:[Mandatory for Supporting]]<>""), --(Table13[[#This Row],[Human Factor]:[Mandatory for Supporting]]<>"Not Trained") )} -> 15 | BS26: =BR26/BQ26 -> 1 | BT26: 69.23% | BU26: DIRECT | BV26: C1 C2 C4 | BW26: B777 | BZ26: 15448 | CC26: I.E15448 | CD26: 47143 | CE26: =IF( _xlfn.XLOOKUP($D26 & "-" & CD$2, 'TrainingReq (Ach)'!$G:$G, 'TrainingReq (Ach)'!$F:$F, "2-Year") = "Forever", "Valid", IF(CD26="", "Not Trained", IF(CD26 < TODAY() - 1, "Expired", IF(CD26 <= TODAY() + 90, "Expiring", "Valid") ) ) ) -> Valid | CF26: A null | CG26: 55989 | CH26: =IF( _xlfn.XLOOKUP($D25 & "-" & CG$2, 'TrainingReq (Ach)'!$G:$G, 'TrainingReq (Ach)'!$F:$F, "2-Year") = "Forever", "Valid", IF(CG25="", "Not Trained", IF(CG25 < TODAY() - 1, "Expired", IF(CG25 <= TODAY() + 90, "Expiring", "Valid") ) ) ) -> Valid | CI26: =IF(BW26<>"","Eligible","Not eligible") -> Eligible | CJ26: =IF(BX26<>"","Eligible","Not eligible") -> Not eligible
A27: 25 | B27: 582679 | C27: YOGI CATUR | D27: SENIOR AIRCRAFT MAINTENANCE TECHNICIAN | E27: p427 | F27: JKTTLF-2 | G27: JKTTNL-1 | H27: 46563 | I27: =IF( _xlfn.XLOOKUP($D27 & "-" & H$2, 'TrainingReq (Ach)'!G:G, 'TrainingReq (Ach)'!F:F, "2-Year") = "Forever", "Valid", IF(H27="", "Not Trained", IF(H27 < TODAY() - 1, "Expired", IF(H27 <= TODAY() + 90, "Expiring", "Valid") ) ) ) -> Valid | J27: 46563 | K27: =IF( _xlfn.XLOOKUP($D27 & "-" & J$2, 'TrainingReq (Ach)'!G:G, 'TrainingReq (Ach)'!F:F, "2-Year") = "Forever", "Valid", IF(J27="", "Not Trained", IF(J27 < TODAY() - 1, "Expired", IF(J27 <= TODAY() + 90, "Expiring", "Valid") ) ) ) -> Valid | L27: 46372 | M27: =IF( _xlfn.XLOOKUP($D27 & "-" & L$2, TrainingMan!$G:$G, TrainingMan!$F:$F, "2-Year") = "Forever", "Valid", IF(L27="", "Not Trained", IF(L27 < TODAY() - 1, "Expired", IF(L27 <= TODAY() + 90, "Expiring", "Valid") ) ) ) -> Valid | N27: 46613 | O27: =IF( _xlfn.XLOOKUP($D27 & "-" & N$2, TrainingMan!$G:$G, TrainingMan!$F:$F, "2-Year") = "Forever", "Valid", IF(N27="", "Not Trained", IF(N27 < TODAY() - 1, "Expired", IF(N27 <= TODAY() + 90, "Expiring", "Valid") ) ) ) -> Valid | P27: 46372 | Q27: =IF( _xlfn.XLOOKUP($D27 & "-" & P$2, TrainingMan!$G:$G, TrainingMan!$F:$F, "2-Year") = "Forever", "Valid", IF(P27="", "Not Trained", IF(P27 < TODAY() - 1, "Expired", IF(P27 <= TODAY() + 90, "Expiring", "Valid") ) ) ) -> Valid | R27: 46613 | S27: =IF( _xlfn.XLOOKUP($D27 & "-" & R$2, TrainingMan!$G:$G, TrainingMan!$F:$F, "2-Year") = "Forever", "Valid", IF(R27="", "Not Trained", IF(R27 < TODAY() - 1, "Expired", IF(R27 <= TODAY() + 90, "Expiring", "Valid") ) ) ) -> Valid | T27: 46613 | U27: =IF( _xlfn.XLOOKUP($D27 & "-" & T$2, TrainingMan!$G:$G, TrainingMan!$F:$F, "2-Year") = "Forever", "Valid", IF(T27="", "Not Trained", IF(T27 < TODAY() - 1, "Expired", IF(T27 <= TODAY() + 90, "Expiring", "Valid") ) ) ) -> Valid | V27: 46372 | W27: =IF( _xlfn.XLOOKUP($D27 & "-" & V$2, TrainingMan!$G:$G, TrainingMan!$F:$F, "2-Year") = "Forever", "Valid", IF(V27="", "Not Trained", IF(V27 < TODAY() - 1, "Expired", IF(V27 <= TODAY() + 90, "Expiring", "Valid") ) ) ) -> Valid | X27: 46372 | Y27: =IF( _xlfn.XLOOKUP($D27 & "-" & X$2, TrainingMan!$G:$G, TrainingMan!$F:$F, "2-Year") = "Forever", "Valid", IF(X27="", "Not Trained", IF(X27 < TODAY() - 1, "Expired", IF(X27 <= TODAY() + 90, "Expiring", "Valid") ) ) ) -> Valid | Z27: 44710 | AA27: =IF(LEN(TRIM(Z27)) = 0, "Not Trained", IF(_xlfn.XLOOKUP($D27 & "-" & Z$2, TrainingMan!$G:$G, TrainingMan!$F:$F, "2-Year") = "Forever", "Valid", IF(Z27 < TODAY() - 1, "Expired", IF(Z27 <= TODAY() + 90, "Expiring", "Valid") ) ) ) -> Valid | AB27: 45073 | AC27: 44908 | BB27: 46122 | BD27: 2018-02-15 | BI27: 45531 | BJ27: A320 | BQ27: =COUNTIF('TrainingReq (Ach)'!B:B,Table13[[#This Row],[Job Title]]) -> 15 | BR27: {=SUMPRODUCT( COUNTIFS( ValidityMatrix[Job Title], Table13[[#This Row],[Job Title]], ValidityMatrix[Training Type], Table13[[#Headers],[Human Factor]:[Mandatory for Supporting]] ), --(Table13[[#This Row],[Human Factor]:[Mandatory for Supporting]]<>""), --(Table13[[#This Row],[Human Factor]:[Mandatory for Supporting]]<>"Not Trained") )} -> 15 | BS27: =BR27/BQ27 -> 1 | BT27: 100.00% | BU27: DIRECT | BV27: C1 C2 C4 | CC27: M.582679 | CE27: =IF( _xlfn.XLOOKUP($D27 & "-" & CD$2, 'TrainingReq (Ach)'!$G:$G, 'TrainingReq (Ach)'!$F:$F, "2-Year") = "Forever", "Valid", IF(CD27="", "Not Trained", IF(CD27 < TODAY() - 1, "Expired", IF(CD27 <= TODAY() + 90, "Expiring", "Valid") ) ) ) -> Not Trained | CF27: A null | CG27: 55532 | CH27: =IF( _xlfn.XLOOKUP($D26 & "-" & CG$2, 'TrainingReq (Ach)'!$G:$G, 'TrainingReq (Ach)'!$F:$F, "2-Year") = "Forever", "Valid", IF(CG26="", "Not Trained", IF(CG26 < TODAY() - 1, "Expired", IF(CG26 <= TODAY() + 90, "Expiring", "Valid") ) ) ) -> Valid | CI27: =IF(BW27<>"","Eligible","Not eligible") -> Not eligible | CJ27: =IF(BX27<>"","Eligible","Not eligible") -> Not eligible
A28: 26 | B28: 582544 | C28: YONAZ HAND | D28: SENIOR AIRCRAFT MAINTENANCE TECHNICIAN | E28: p422 | F28: JKTTLF-2 | G28: JKTTNL-2 | H28: 46609 | I28: =IF( _xlfn.XLOOKUP($D28 & "-" & H$2, 'TrainingReq (Ach)'!G:G, 'TrainingReq (Ach)'!F:F, "2-Year") = "Forever", "Valid", IF(H28="", "Not Trained", IF(H28 < TODAY() - 1, "Expired", IF(H28 <= TODAY() + 90, "Expiring", "Valid") ) ) ) -> Valid | J28: 46609 | K28: =IF( _xlfn.XLOOKUP($D28 & "-" & J$2, 'TrainingReq (Ach)'!G:G, 'TrainingReq (Ach)'!F:F, "2-Year") = "Forever", "Valid", IF(J28="", "Not Trained", IF(J28 < TODAY() - 1, "Expired", IF(J28 <= TODAY() + 90, "Expiring", "Valid") ) ) ) -> Valid | L28: 46202 | M28: =IF( _xlfn.XLOOKUP($D28 & "-" & L$2, TrainingMan!$G:$G, TrainingMan!$F:$F, "2-Year") = "Forever", "Valid", IF(L28="", "Not Trained", IF(L28 < TODAY() - 1, "Expired", IF(L28 <= TODAY() + 90, "Expiring", "Valid") ) ) ) -> Expired | N28: 46202 | O28: =IF( _xlfn.XLOOKUP($D28 & "-" & N$2, TrainingMan!$G:$G, TrainingMan!$F:$F, "2-Year") = "Forever", "Valid", IF(N28="", "Not Trained", IF(N28 < TODAY() - 1, "Expired", IF(N28 <= TODAY() + 90, "Expiring", "Valid") ) ) ) -> Expired | P28: 46202 | Q28: =IF( _xlfn.XLOOKUP($D28 & "-" & P$2, TrainingMan!$G:$G, TrainingMan!$F:$F, "2-Year") = "Forever", "Valid", IF(P28="", "Not Trained", IF(P28 < TODAY() - 1, "Expired", IF(P28 <= TODAY() + 90, "Expiring", "Valid") ) ) ) -> Expired | R28: 46250 | S28: =IF( _xlfn.XLOOKUP($D28 & "-" & R$2, TrainingMan!$G:$G, TrainingMan!$F:$F, "2-Year") = "Forever", "Valid", IF(R28="", "Not Trained", IF(R28 < TODAY() - 1, "Expired", IF(R28 <= TODAY() + 90, "Expiring", "Valid") ) ) ) -> Expired | T28: 46250 | U28: =IF( _xlfn.XLOOKUP($D28 & "-" & T$2, TrainingMan!$G:$G, TrainingMan!$F:$F, "2-Year") = "Forever", "Valid", IF(T28="", "Not Trained", IF(T28 < TODAY() - 1, "Expired", IF(T28 <= TODAY() + 90, "Expiring", "Valid") ) ) ) -> Expired | V28: 46222 | W28: =IF( _xlfn.XLOOKUP($D28 & "-" & V$2, TrainingMan!$G:$G, TrainingMan!$F:$F, "2-Year") = "Forever", "Valid", IF(V28="", "Not Trained", IF(V28 < TODAY() - 1, "Expired", IF(V28 <= TODAY() + 90, "Expiring", "Valid") ) ) ) -> Expired | X28: 46222 | Y28: =IF( _xlfn.XLOOKUP($D28 & "-" & X$2, TrainingMan!$G:$G, TrainingMan!$F:$F, "2-Year") = "Forever", "Valid", IF(X28="", "Not Trained", IF(X28 < TODAY() - 1, "Expired", IF(X28 <= TODAY() + 90, "Expiring", "Valid") ) ) ) -> Expired | Z28: 45508 | AA28: =IF(LEN(TRIM(Z28)) = 0, "Not Trained", IF(_xlfn.XLOOKUP($D28 & "-" & Z$2, TrainingMan!$G:$G, TrainingMan!$F:$F, "2-Year") = "Forever", "Valid", IF(Z28 < TODAY() - 1, "Expired", IF(Z28 <= TODAY() + 90, "Expiring", "Valid") ) ) ) -> Valid | AB28: 44618 | AC28: 46290 | AD28: 44952 | BC28: 2017-10-26 | BD28: 2017-10-11 | BI28: 44263 | BJ28: B737 | BQ28: =COUNTIF('TrainingReq (Ach)'!B:B,Table13[[#This Row],[Job Title]]) -> 15 | BR28: {=SUMPRODUCT( COUNTIFS( ValidityMatrix[Job Title], Table13[[#This Row],[Job Title]], ValidityMatrix[Training Type], Table13[[#Headers],[Human Factor]:[Mandatory for Supporting]] ), --(Table13[[#This Row],[Human Factor]:[Mandatory for Supporting]]<>""), --(Table13[[#This Row],[Human Factor]:[Mandatory for Supporting]]<>"Not Trained") )} -> 14 | BS28: =BR28/BQ28 -> 0.93333333 | BT28: 92.31% | BU28: DIRECT | BV28: C1 C2 C4 | BW28: B737 | BZ28: 14243 | CC28: M.582544 | CD28: 46410 | CE28: =IF( _xlfn.XLOOKUP($D28 & "-" & CD$2, 'TrainingReq (Ach)'!$G:$G, 'TrainingReq (Ach)'!$F:$F, "2-Year") = "Forever", "Valid", IF(CD28="", "Not Trained", IF(CD28 < TODAY() - 1, "Expired", IF(CD28 <= TODAY() + 90, "Expiring", "Valid") ) ) ) -> Valid | CF28: A null | CG28: 55648 | CH28: =IF( _xlfn.XLOOKUP($D27 & "-" & CG$2, 'TrainingReq (Ach)'!$G:$G, 'TrainingReq (Ach)'!$F:$F, "2-Year") = "Forever", "Valid", IF(CG27="", "Not Trained", IF(CG27 < TODAY() - 1, "Expired", IF(CG27 <= TODAY() + 90, "Expiring", "Valid") ) ) ) -> Valid | CI28: =IF(BW28<>"","Eligible","Not eligible") -> Eligible | CJ28: =IF(BX28<>"","Eligible","Not eligible") -> Not eligible
A29: 27 | B29: 528874 | C29: ANWAR MURSALIM | D29: Department Head | E29: p404 | F29: JKTTLF-2 | G29: JKTTNL-2 | H29: 46675 | I29: =IF( _xlfn.XLOOKUP($D29 & "-" & H$2, 'TrainingReq (Ach)'!G:G, 'TrainingReq (Ach)'!F:F, "2-Year") = "Forever", "Valid", IF(H29="", "Not Trained", IF(H29 < TODAY() - 1, "Expired", IF(H29 <= TODAY() + 90, "Expiring", "Valid") ) ) ) -> Valid | J29: 46675 | K29: =IF( _xlfn.XLOOKUP($D29 & "-" & J$2, 'TrainingReq (Ach)'!G:G, 'TrainingReq (Ach)'!F:F, "2-Year") = "Forever", "Valid", IF(J29="", "Not Trained", IF(J29 < TODAY() - 1, "Expired", IF(J29 <= TODAY() + 90, "Expiring", "Valid") ) ) ) -> Valid | L29: 46316 | M29: =IF( _xlfn.XLOOKUP($D29 & "-" & L$2, TrainingMan!$G:$G, TrainingMan!$F:$F, "2-Year") = "Forever", "Valid", IF(L29="", "Not Trained", IF(L29 < TODAY() - 1, "Expired", IF(L29 <= TODAY() + 90, "Expiring", "Valid") ) ) ) -> Valid | N29: 46316 | O29: =IF( _xlfn.XLOOKUP($D29 & "-" & N$2, TrainingMan!$G:$G, TrainingMan!$F:$F, "2-Year") = "Forever", "Valid", IF(N29="", "Not Trained", IF(N29 < TODAY() - 1, "Expired", IF(N29 <= TODAY() + 90, "Expiring", "Valid") ) ) ) -> Expiring | P29: 46316 | Q29: =IF( _xlfn.XLOOKUP($D29 & "-" & P$2, TrainingMan!$G:$G, TrainingMan!$F:$F, "2-Year") = "Forever", "Valid", IF(P29="", "Not Trained", IF(P29 < TODAY() - 1, "Expired", IF(P29 <= TODAY() + 90, "Expiring", "Valid") ) ) ) -> Expiring | R29: 46316 | S29: =IF( _xlfn.XLOOKUP($D29 & "-" & R$2, TrainingMan!$G:$G, TrainingMan!$F:$F, "2-Year") = "Forever", "Valid", IF(R29="", "Not Trained", IF(R29 < TODAY() - 1, "Expired", IF(R29 <= TODAY() + 90, "Expiring", "Valid") ) ) ) -> Expiring | T29: 46599 | U29: =IF( _xlfn.XLOOKUP($D29 & "-" & T$2, TrainingMan!$G:$G, TrainingMan!$F:$F, "2-Year") = "Forever", "Valid", IF(T29="", "Not Trained", IF(T29 < TODAY() - 1, "Expired", IF(T29 <= TODAY() + 90, "Expiring", "Valid") ) ) ) -> Valid | V29: 45131 | W29: =IF( _xlfn.XLOOKUP($D29 & "-" & V$2, TrainingMan!$G:$G, TrainingMan!$F:$F, "2-Year") = "Forever", "Valid", IF(V29="", "Not Trained", IF(V29 < TODAY() - 1, "Expired", IF(V29 <= TODAY() + 90, "Expiring", "Valid") ) ) ) -> Valid | X29: 45131 | Y29: =IF( _xlfn.XLOOKUP($D29 & "-" & X$2, TrainingMan!$G:$G, TrainingMan!$F:$F, "2-Year") = "Forever", "Valid", IF(X29="", "Not Trained", IF(X29 < TODAY() - 1, "Expired", IF(X29 <= TODAY() + 90, "Expiring", "Valid") ) ) ) -> Valid | Z29: 44039 | AA29: =IF(LEN(TRIM(Z29)) = 0, "Not Trained", IF(_xlfn.XLOOKUP($D29 & "-" & Z$2, TrainingMan!$G:$G, TrainingMan!$F:$F, "2-Year") = "Forever", "Valid", IF(Z29 < TODAY() - 1, "Expired", IF(Z29 <= TODAY() + 90, "Expiring", "Valid") ) ) ) -> Valid | AB29: 37029 | AC29: 42104 | AE29: 42879 | AG29: 42636 | AP29: 45890 | AQ29: 43793 | AR29: 43855 | AS29: 43674 | BD29: 1992-08-24 | BQ29: =COUNTIF('TrainingReq (Ach)'!B:B,Table13[[#This Row],[Job Title]]) -> 14 | BR29: {=SUMPRODUCT( COUNTIFS( ValidityMatrix[Job Title], Table13[[#This Row],[Job Title]], ValidityMatrix[Training Type], Table13[[#Headers],[Human Factor]:[Mandatory for Supporting]] ), --(Table13[[#This Row],[Human Factor]:[Mandatory for Supporting]]<>""), --(Table13[[#This Row],[Human Factor]:[Mandatory for Supporting]]<>"Not Trained") )} -> 14 | BS29: =BR29/BQ29 -> 1 | BT29: 100.00% | BU29: INDIRECT | BV29: C2 C4 | CC29: M.528874 | CE29: =IF( _xlfn.XLOOKUP($D29 & "-" & CD$2, 'TrainingReq (Ach)'!$G:$G, 'TrainingReq (Ach)'!$F:$F, "2-Year") = "Forever", "Valid", IF(CD29="", "Not Trained", IF(CD29 < TODAY() - 1, "Expired", IF(CD29 <= TODAY() + 90, "Expiring", "Valid") ) ) ) -> Not Trained | CF29: A null | CG29: 46859 | CH29: =IF( _xlfn.XLOOKUP($D28 & "-" & CG$2, 'TrainingReq (Ach)'!$G:$G, 'TrainingReq (Ach)'!$F:$F, "2-Year") = "Forever", "Valid", IF(CG28="", "Not Trained", IF(CG28 < TODAY() - 1, "Expired", IF(CG28 <= TODAY() + 90, "Expiring", "Valid") ) ) ) -> Valid | CI29: =IF(BW29<>"","Eligible","Not eligible") -> Not eligible | CJ29: =IF(BX29<>"","Eligible","Not eligible") -> Not eligible
A30: 28 | B30: 533460 | C30: DENNIS MUNTAHARICNA | D30: AIRCRAFT CABIN ENGINEER | E30: p414 | F30: JKTTLF-2 | G30: JKTTNL-2 | H30: 46738 | I30: =IF( _xlfn.XLOOKUP($D30 & "-" & H$2, 'TrainingReq (Ach)'!G:G, 'TrainingReq (Ach)'!F:F, "2-Year") = "Forever", "Valid", IF(H30="", "Not Trained", IF(H30 < TODAY() - 1, "Expired", IF(H30 <= TODAY() + 90, "Expiring", "Valid") ) ) ) -> Valid | J30: 46738 | K30: =IF( _xlfn.XLOOKUP($D30 & "-" & J$2, 'TrainingReq (Ach)'!G:G, 'TrainingReq (Ach)'!F:F, "2-Year") = "Forever", "Valid", IF(J30="", "Not Trained", IF(J30 < TODAY() - 1, "Expired", IF(J30 <= TODAY() + 90, "Expiring", "Valid") ) ) ) -> Valid | L30: 46813 | M30: =IF( _xlfn.XLOOKUP($D30 & "-" & L$2, TrainingMan!$G:$G, TrainingMan!$F:$F, "2-Year") = "Forever", "Valid", IF(L30="", "Not Trained", IF(L30 < TODAY() - 1, "Expired", IF(L30 <= TODAY() + 90, "Expiring", "Valid") ) ) ) -> Valid | N30: 46813 | O30: =IF( _xlfn.XLOOKUP($D30 & "-" & N$2, TrainingMan!$G:$G, TrainingMan!$F:$F, "2-Year") = "Forever", "Valid", IF(N30="", "Not Trained", IF(N30 < TODAY() - 1, "Expired", IF(N30 <= TODAY() + 90, "Expiring", "Valid") ) ) ) -> Valid | P30: 46813 | Q30: =IF( _xlfn.XLOOKUP($D30 & "-" & P$2, TrainingMan!$G:$G, TrainingMan!$F:$F, "2-Year") = "Forever", "Valid", IF(P30="", "Not Trained", IF(P30 < TODAY() - 1, "Expired", IF(P30 <= TODAY() + 90, "Expiring", "Valid") ) ) ) -> Valid | R30: 46813 | S30: =IF( _xlfn.XLOOKUP($D30 & "-" & R$2, TrainingMan!$G:$G, TrainingMan!$F:$F, "2-Year") = "Forever", "Valid", IF(R30="", "Not Trained", IF(R30 < TODAY() - 1, "Expired", IF(R30 <= TODAY() + 90, "Expiring", "Valid") ) ) ) -> Valid | T30: 46813 | U30: =IF( _xlfn.XLOOKUP($D30 & "-" & T$2, TrainingMan!$G:$G, TrainingMan!$F:$F, "2-Year") = "Forever", "Valid", IF(T30="", "Not Trained", IF(T30 < TODAY() - 1, "Expired", IF(T30 <= TODAY() + 90, "Expiring", "Valid") ) ) ) -> Valid | V30: 46813 | W30: =IF( _xlfn.XLOOKUP($D30 & "-" & V$2, TrainingMan!$G:$G, TrainingMan!$F:$F, "2-Year") = "Forever", "Valid", IF(V30="", "Not Trained", IF(V30 < TODAY() - 1, "Expired", IF(V30 <= TODAY() + 90, "Expiring", "Valid") ) ) ) -> Valid | X30: 46813 | Y30: =IF( _xlfn.XLOOKUP($D30 & "-" & X$2, TrainingMan!$G:$G, TrainingMan!$F:$F, "2-Year") = "Forever", "Valid", IF(X30="", "Not Trained", IF(X30 < TODAY() - 1, "Expired", IF(X30 <= TODAY() + 90, "Expiring", "Valid") ) ) ) -> Valid | Z30: 46813 | AA30: =IF(LEN(TRIM(Z30)) = 0, "Not Trained", IF(_xlfn.XLOOKUP($D30 & "-" & Z$2, TrainingMan!$G:$G, TrainingMan!$F:$F, "2-Year") = "Forever", "Valid", IF(Z30 < TODAY() - 1, "Expired", IF(Z30 <= TODAY() + 90, "Expiring", "Valid") ) ) ) -> Valid | AB30: 40843 | AC30: 43632 | AD30: 43567 | AE30: 45712 | AF30: 45634 | AG30: 43382 | BB30: 45866 | BC30: 2011-12-02 | BD30: 2024-12-31 | BI30: 42968 | BJ30: B737 | BK30: B777 | BQ30: =COUNTIF('TrainingReq (Ach)'!B:B,Table13[[#This Row],[Job Title]]) -> 15 | BR30: {=SUMPRODUCT( COUNTIFS( ValidityMatrix[Job Title], Table13[[#This Row],[Job Title]], ValidityMatrix[Training Type], Table13[[#Headers],[Human Factor]:[Mandatory for Supporting]] ), --(Table13[[#This Row],[Human Factor]:[Mandatory for Supporting]]<>""), --(Table13[[#This Row],[Human Factor]:[Mandatory for Supporting]]<>"Not Trained") )} -> 15 | BS30: =BR30/BQ30 -> 1 | BT30: 93.33% | BU30: DIRECT | BV30: A1 A4 | BW30: B737 | BZ30: 8712 | CA30: 1 | CC30: I.A8712 | CD30: 46779 | CE30: =IF( _xlfn.XLOOKUP($D30 & "-" & CD$2, 'TrainingReq (Ach)'!$G:$G, 'TrainingReq (Ach)'!$F:$F, "2-Year") = "Forever", "Valid", IF(CD30="", "Not Trained", IF(CD30 < TODAY() - 1, "Expired", IF(CD30 <= TODAY() + 90, "Expiring", "Valid") ) ) ) -> Valid | CF30: A null | CG30: 53785 | CH30: =IF( _xlfn.XLOOKUP($D29 & "-" & CG$2, 'TrainingReq (Ach)'!$G:$G, 'TrainingReq (Ach)'!$F:$F, "2-Year") = "Forever", "Valid", IF(CG29="", "Not Trained", IF(CG29 < TODAY() - 1, "Expired", IF(CG29 <= TODAY() + 90, "Expiring", "Valid") ) ) ) -> Valid | CI30: =IF(BW30<>"","Eligible","Not eligible") -> Eligible | CJ30: =IF(BX30<>"","Eligible","Not eligible") -> Not eligible
A31: 29 | B31: 582613 | C31: MUSAWWIR | D31: SENIOR AIRCRAFT MAINTENANCE TECHNICIAN | E31: p422 | F31: JKTTLF-2 | G31: JKTTNL-2 | H31: 46777 | I31: =IF( _xlfn.XLOOKUP($D31 & "-" & H$2, 'TrainingReq (Ach)'!G:G, 'TrainingReq (Ach)'!F:F, "2-Year") = "Forever", "Valid", IF(H31="", "Not Trained", IF(H31 < TODAY() - 1, "Expired", IF(H31 <= TODAY() + 90, "Expiring", "Valid") ) ) ) -> Valid | J31: 46777 | K31: =IF( _xlfn.XLOOKUP($D31 & "-" & J$2, 'TrainingReq (Ach)'!G:G, 'TrainingReq (Ach)'!F:F, "2-Year") = "Forever", "Valid", IF(J31="", "Not Trained", IF(J31 < TODAY() - 1, "Expired", IF(J31 <= TODAY() + 90, "Expiring", "Valid") ) ) ) -> Valid | L31: 46844 | M31: =IF( _xlfn.XLOOKUP($D31 & "-" & L$2, TrainingMan!$G:$G, TrainingMan!$F:$F, "2-Year") = "Forever", "Valid", IF(L31="", "Not Trained", IF(L31 < TODAY() - 1, "Expired", IF(L31 <= TODAY() + 90, "Expiring", "Valid") ) ) ) -> Valid | N31: 46452 | O31: =IF( _xlfn.XLOOKUP($D31 & "-" & N$2, TrainingMan!$G:$G, TrainingMan!$F:$F, "2-Year") = "Forever", "Valid", IF(N31="", "Not Trained", IF(N31 < TODAY() - 1, "Expired", IF(N31 <= TODAY() + 90, "Expiring", "Valid") ) ) ) -> Valid | P31: 46452 | Q31: =IF( _xlfn.XLOOKUP($D31 & "-" & P$2, TrainingMan!$G:$G, TrainingMan!$F:$F, "2-Year") = "Forever", "Valid", IF(P31="", "Not Trained", IF(P31 < TODAY() - 1, "Expired", IF(P31 <= TODAY() + 90, "Expiring", "Valid") ) ) ) -> Valid | R31: 46452 | S31: =IF( _xlfn.XLOOKUP($D31 & "-" & R$2, TrainingMan!$G:$G, TrainingMan!$F:$F, "2-Year") = "Forever", "Valid", IF(R31="", "Not Trained", IF(R31 < TODAY() - 1, "Expired", IF(R31 <= TODAY() + 90, "Expiring", "Valid") ) ) ) -> Valid | T31: 46452 | U31: =IF( _xlfn.XLOOKUP($D31 & "-" & T$2, TrainingMan!$G:$G, TrainingMan!$F:$F, "2-Year") = "Forever", "Valid", IF(T31="", "Not Trained", IF(T31 < TODAY() - 1, "Expired", IF(T31 <= TODAY() + 90, "Expiring", "Valid") ) ) ) -> Valid | V31: 46844 | W31: =IF( _xlfn.XLOOKUP($D31 & "-" & V$2, TrainingMan!$G:$G, TrainingMan!$F:$F, "2-Year") = "Forever", "Valid", IF(V31="", "Not Trained", IF(V31 < TODAY() - 1, "Expired", IF(V31 <= TODAY() + 90, "Expiring", "Valid") ) ) ) -> Valid | X31: 46844 | Y31: =IF( _xlfn.XLOOKUP($D31 & "-" & X$2, TrainingMan!$G:$G, TrainingMan!$F:$F, "2-Year") = "Forever", "Valid", IF(X31="", "Not Trained", IF(X31 < TODAY() - 1, "Expired", IF(X31 <= TODAY() + 90, "Expiring", "Valid") ) ) ) -> Valid | Z31: 45438 | AA31: =IF(LEN(TRIM(Z31)) = 0, "Not Trained", IF(_xlfn.XLOOKUP($D31 & "-" & Z$2, TrainingMan!$G:$G, TrainingMan!$F:$F, "2-Year") = "Forever", "Valid", IF(Z31 < TODAY() - 1, "Expired", IF(Z31 <= TODAY() + 90, "Expiring", "Valid") ) ) ) -> Valid | AB31: 44235 | AC31: 45583 | AD31: 45000 | AE31: 46006 | AF31: 44706 | BB31: 45922 | BD31: 2018-02-15 | BI31: 44573 | BJ31: A320 | BK31: A320 Neo | BQ31: =COUNTIF('TrainingReq (Ach)'!B:B,Table13[[#This Row],[Job Title]]) -> 15 | BR31: {=SUMPRODUCT( COUNTIFS( ValidityMatrix[Job Title], Table13[[#This Row],[Job Title]], ValidityMatrix[Training Type], Table13[[#Headers],[Human Factor]:[Mandatory for Supporting]] ), --(Table13[[#This Row],[Human Factor]:[Mandatory for Supporting]]<>""), --(Table13[[#This Row],[Human Factor]:[Mandatory for Supporting]]<>"Not Trained") )} -> 15 | BS31: =BR31/BQ31 -> 1 | BT31: 92.31% | BU31: DIRECT | BV31: A1 A4 | BW31: A320 | BZ31: 14343 | CC31: I.A14343 | CD31: 46465 | CE31: =IF( _xlfn.XLOOKUP($D31 & "-" & CD$2, 'TrainingReq (Ach)'!$G:$G, 'TrainingReq (Ach)'!$F:$F, "2-Year") = "Forever", "Valid", IF(CD31="", "Not Trained", IF(CD31 < TODAY() - 1, "Expired", IF(CD31 <= TODAY() + 90, "Expiring", "Valid") ) ) ) -> Valid | CF31: A null | CG31: 55484 | CH31: =IF( _xlfn.XLOOKUP($D30 & "-" & CG$2, 'TrainingReq (Ach)'!$G:$G, 'TrainingReq (Ach)'!$F:$F, "2-Year") = "Forever", "Valid", IF(CG30="", "Not Trained", IF(CG30 < TODAY() - 1, "Expired", IF(CG30 <= TODAY() + 90, "Expiring", "Valid") ) ) ) -> Valid | CI31: =IF(BW31<>"","Eligible","Not eligible") -> Eligible | CJ31: =IF(BX31<>"","Eligible","Not eligible") -> Not eligible
A32: 30 | B32: 582134 | C32: BAGUS DWI KUSWANTO SAPUTRA | D32: AIRCRAFT MAINTENANCE TECHNICIAN | E32: p427 | F32: JKTTLF-2 | G32: JKTTNL-2 | H32: 46865 | I32: =IF( _xlfn.XLOOKUP($D32 & "-" & H$2, 'TrainingReq (Ach)'!G:G, 'TrainingReq (Ach)'!F:F, "2-Year") = "Forever", "Valid", IF(H32="", "Not Trained", IF(H32 < TODAY() - 1, "Expired", IF(H32 <= TODAY() + 90, "Expiring", "Valid") ) ) ) -> Valid | J32: 46865 | K32: =IF( _xlfn.XLOOKUP($D32 & "-" & J$2, 'TrainingReq (Ach)'!G:G, 'TrainingReq (Ach)'!F:F, "2-Year") = "Forever", "Valid", IF(J32="", "Not Trained", IF(J32 < TODAY() - 1, "Expired", IF(J32 <= TODAY() + 90, "Expiring", "Valid") ) ) ) -> Valid | L32: 46236 | M32: =IF( _xlfn.XLOOKUP($D32 & "-" & L$2, TrainingMan!$G:$G, TrainingMan!$F:$F, "2-Year") = "Forever", "Valid", IF(L32="", "Not Trained", IF(L32 < TODAY() - 1, "Expired", IF(L32 <= TODAY() + 90, "Expiring", "Valid") ) ) ) -> Expired | N32: 46236 | O32: =IF( _xlfn.XLOOKUP($D32 & "-" & N$2, TrainingMan!$G:$G, TrainingMan!$F:$F, "2-Year") = "Forever", "Valid", IF(N32="", "Not Trained", IF(N32 < TODAY() - 1, "Expired", IF(N32 <= TODAY() + 90, "Expiring", "Valid") ) ) ) -> Expired | P32: 46236 | Q32: =IF( _xlfn.XLOOKUP($D32 & "-" & P$2, TrainingMan!$G:$G, TrainingMan!$F:$F, "2-Year") = "Forever", "Valid", IF(P32="", "Not Trained", IF(P32 < TODAY() - 1, "Expired", IF(P32 <= TODAY() + 90, "Expiring", "Valid") ) ) ) -> Expired | R32: 46236 | S32: =IF( _xlfn.XLOOKUP($D32 & "-" & R$2, TrainingMan!$G:$G, TrainingMan!$F:$F, "2-Year") = "Forever", "Valid", IF(R32="", "Not Trained", IF(R32 < TODAY() - 1, "Expired", IF(R32 <= TODAY() + 90, "Expiring", "Valid") ) ) ) -> Expired | T32: 46236 | U32: =IF( _xlfn.XLOOKUP($D32 & "-" & T$2, TrainingMan!$G:$G, TrainingMan!$F:$F, "2-Year") = "Forever", "Valid", IF(T32="", "Not Trained", IF(T32 < TODAY() - 1, "Expired", IF(T32 <= TODAY() + 90, "Expiring", "Valid") ) ) ) -> Expired | V32: 46236 | W32: =IF( _xlfn.XLOOKUP($D32 & "-" & V$2, TrainingMan!$G:$G, TrainingMan!$F:$F, "2-Year") = "Forever", "Valid", IF(V32="", "Not Trained", IF(V32 < TODAY() - 1, "Expired", IF(V32 <= TODAY() + 90, "Expiring", "Valid") ) ) ) -> Expired | X32: 46236 | Y32: =IF( _xlfn.XLOOKUP($D32 & "-" & X$2, TrainingMan!$G:$G, TrainingMan!$F:$F, "2-Year") = "Forever", "Valid", IF(X32="", "Not Trained", IF(X32 < TODAY() - 1, "Expired", IF(X32 <= TODAY() + 90, "Expiring", "Valid") ) ) ) -> Expired | Z32: 45086 | AA32: =IF(LEN(TRIM(Z32)) = 0, "Not Trained", IF(_xlfn.XLOOKUP($D32 & "-" & Z$2, TrainingMan!$G:$G, TrainingMan!$F:$F, "2-Year") = "Forever", "Valid", IF(Z32 < TODAY() - 1, "Expired", IF(Z32 <= TODAY() + 90, "Expiring", "Valid") ) ) ) -> Valid | AB32: 43427 | AC32: 43049 | AD32: 44370 | BD32: 2017-09-14 | BI32: 45531 | BJ32: A320 | BQ32: =COUNTIF('TrainingReq (Ach)'!B:B,Table13[[#This Row],[Job Title]]) -> 12 | BR32: {=SUMPRODUCT( COUNTIFS( ValidityMatrix[Job Title], Table13[[#This Row],[Job Title]], ValidityMatrix[Training Type], Table13[[#Headers],[Human Factor]:[Mandatory for Supporting]] ), --(Table13[[#This Row],[Human Factor]:[Mandatory for Supporting]]<>""), --(Table13[[#This Row],[Human Factor]:[Mandatory for Supporting]]<>"Not Trained") )} -> 12 | BS32: =BR32/BQ32 -> 1 | BT32: 100.00% | BU32: DIRECT | BV32: A1 A3 A4 | BW32: A320 | BZ32: 17371 | CA32: 1 | CC32: M.582134 | CE32: =IF( _xlfn.XLOOKUP($D32 & "-" & CD$2, 'TrainingReq (Ach)'!$G:$G, 'TrainingReq (Ach)'!$F:$F, "2-Year") = "Forever", "Valid", IF(CD32="", "Not Trained", IF(CD32 < TODAY() - 1, "Expired", IF(CD32 <= TODAY() + 90, "Expiring", "Valid") ) ) ) -> Not Trained | CF32: A null | CG32: 55272 | CH32: =IF( _xlfn.XLOOKUP($D31 & "-" & CG$2, 'TrainingReq (Ach)'!$G:$G, 'TrainingReq (Ach)'!$F:$F, "2-Year") = "Forever", "Valid", IF(CG31="", "Not Trained", IF(CG31 < TODAY() - 1, "Expired", IF(CG31 <= TODAY() + 90, "Expiring", "Valid") ) ) ) -> Valid | CI32: =IF(BW32<>"","Eligible","Not eligible") -> Eligible | CJ32: =IF(BX32<>"","Eligible","Not eligible") -> Not eligible
A33: 31 | B33: 532748 | C33: MUHAMMAD UMAR DHONI SAPUTRO | D33: AIRCRAFT CABIN ENGINEER | E33: p414 | F33: JKTTLF-2 | G33: JKTTNL-2 | H33: 46939 | I33: =IF( _xlfn.XLOOKUP($D33 & "-" & H$2, 'TrainingReq (Ach)'!G:G, 'TrainingReq (Ach)'!F:F, "2-Year") = "Forever", "Valid", IF(H33="", "Not Trained", IF(H33 < TODAY() - 1, "Expired", IF(H33 <= TODAY() + 90, "Expiring", "Valid") ) ) ) -> Valid | J33: 46939 | K33: =IF( _xlfn.XLOOKUP($D33 & "-" & J$2, 'TrainingReq (Ach)'!G:G, 'TrainingReq (Ach)'!F:F, "2-Year") = "Forever", "Valid", IF(J33="", "Not Trained", IF(J33 < TODAY() - 1, "Expired", IF(J33 <= TODAY() + 90, "Expiring", "Valid") ) ) ) -> Valid | L33: 46317 | M33: =IF( _xlfn.XLOOKUP($D33 & "-" & L$2, TrainingMan!$G:$G, TrainingMan!$F:$F, "2-Year") = "Forever", "Valid", IF(L33="", "Not Trained", IF(L33 < TODAY() - 1, "Expired", IF(L33 <= TODAY() + 90, "Expiring", "Valid") ) ) ) -> Expiring | N33: 46287 | O33: =IF( _xlfn.XLOOKUP($D33 & "-" & N$2, TrainingMan!$G:$G, TrainingMan!$F:$F, "2-Year") = "Forever", "Valid", IF(N33="", "Not Trained", IF(N33 < TODAY() - 1, "Expired", IF(N33 <= TODAY() + 90, "Expiring", "Valid") ) ) ) -> Expiring | P33: 46317 | Q33: =IF( _xlfn.XLOOKUP($D33 & "-" & P$2, TrainingMan!$G:$G, TrainingMan!$F:$F, "2-Year") = "Forever", "Valid", IF(P33="", "Not Trained", IF(P33 < TODAY() - 1, "Expired", IF(P33 <= TODAY() + 90, "Expiring", "Valid") ) ) ) -> Expiring | R33: 46317 | S33: =IF( _xlfn.XLOOKUP($D33 & "-" & R$2, TrainingMan!$G:$G, TrainingMan!$F:$F, "2-Year") = "Forever", "Valid", IF(R33="", "Not Trained", IF(R33 < TODAY() - 1, "Expired", IF(R33 <= TODAY() + 90, "Expiring", "Valid") ) ) ) -> Expiring | T33: 46317 | U33: =IF( _xlfn.XLOOKUP($D33 & "-" & T$2, TrainingMan!$G:$G, TrainingMan!$F:$F, "2-Year") = "Forever", "Valid", IF(T33="", "Not Trained", IF(T33 < TODAY() - 1, "Expired", IF(T33 <= TODAY() + 90, "Expiring", "Valid") ) ) ) -> Expiring | V33: 46317 | W33: =IF( _xlfn.XLOOKUP($D33 & "-" & V$2, TrainingMan!$G:$G, TrainingMan!$F:$F, "2-Year") = "Forever", "Valid", IF(V33="", "Not Trained", IF(V33 < TODAY() - 1, "Expired", IF(V33 <= TODAY() + 90, "Expiring", "Valid") ) ) ) -> Expiring | X33: 46317 | Y33: =IF( _xlfn.XLOOKUP($D33 & "-" & X$2, TrainingMan!$G:$G, TrainingMan!$F:$F, "2-Year") = "Forever", "Valid", IF(X33="", "Not Trained", IF(X33 < TODAY() - 1, "Expired", IF(X33 <= TODAY() + 90, "Expiring", "Valid") ) ) ) -> Expiring | Z33: 45598 | AA33: =IF(LEN(TRIM(Z33)) = 0, "Not Trained", IF(_xlfn.XLOOKUP($D33 & "-" & Z$2, TrainingMan!$G:$G, TrainingMan!$F:$F, "2-Year") = "Forever", "Valid", IF(Z33 < TODAY() - 1, "Expired", IF(Z33 <= TODAY() + 90, "Expiring", "Valid") ) ) ) -> Valid | AB33: 40526 | AC33: 43205 | AD33: 43567 | AE33: 45746 | AF33: 45852 | BB33: 45894 | BC33: 2011-12-16 | BD33: 2024-12-31 | BF33: 39701 | BI33: 43059 | BJ33: A320 | BK33: A320 Neo | BM33: 2010-07-01 | BQ33: =COUNTIF('TrainingReq (Ach)'!B:B,Table13[[#This Row],[Job Title]]) -> 15 | BR33: {=SUMPRODUCT( COUNTIFS( ValidityMatrix[Job Title], Table13[[#This Row],[Job Title]], ValidityMatrix[Training Type], Table13[[#Headers],[Human Factor]:[Mandatory for Supporting]] ), --(Table13[[#This Row],[Human Factor]:[Mandatory for Supporting]]<>""), --(Table13[[#This Row],[Human Factor]:[Mandatory for Supporting]]<>"Not Trained") )} -> 15 | BS33: =BR33/BQ33 -> 1 | BT33: 86.67% | BU33: DIRECT | BV33: A1 A4 | BW33: A320 | BX33: A320 Neo | BZ33: 6716 | CA33: 1 | CC33: I.A6716 | CD33: 47097 | CE33: =IF( _xlfn.XLOOKUP($D33 & "-" & CD$2, 'TrainingReq (Ach)'!$G:$G, 'TrainingReq (Ach)'!$F:$F, "2-Year") = "Forever", "Valid", IF(CD33="", "Not Trained", IF(CD33 < TODAY() - 1, "Expired", IF(CD33 <= TODAY() + 90, "Expiring", "Valid") ) ) ) -> Valid | CF33: A null | CG33: 53444 | CH33: =IF( _xlfn.XLOOKUP($D32 & "-" & CG$2, 'TrainingReq (Ach)'!$G:$G, 'TrainingReq (Ach)'!$F:$F, "2-Year") = "Forever", "Valid", IF(CG32="", "Not Trained", IF(CG32 < TODAY() - 1, "Expired", IF(CG32 <= TODAY() + 90, "Expiring", "Valid") ) ) ) -> Valid | CI33: =IF(BW33<>"","Eligible","Not eligible") -> Eligible | CJ33: =IF(BX33<>"","Eligible","Not eligible") -> Eligible
A34: 32 | B34: 533504 | C34: A. RIFKY GESURI | D34: SENIOR AIRCRAFT CABIN ENGINEER | E34: p414 | F34: JKTTLF-2 | G34: JKTTNL-2 | H34: 46312 | I34: =IF( _xlfn.XLOOKUP($D34 & "-" & H$2, 'TrainingReq (Ach)'!G:G, 'TrainingReq (Ach)'!F:F, "2-Year") = "Forever", "Valid", IF(H34="", "Not Trained", IF(H34 < TODAY() - 1, "Expired", IF(H34 <= TODAY() + 90, "Expiring", "Valid") ) ) ) -> Expiring | J34: 46312 | K34: =IF( _xlfn.XLOOKUP($D34 & "-" & J$2, 'TrainingReq (Ach)'!G:G, 'TrainingReq (Ach)'!F:F, "2-Year") = "Forever", "Valid", IF(J34="", "Not Trained", IF(J34 < TODAY() - 1, "Expired", IF(J34 <= TODAY() + 90, "Expiring", "Valid") ) ) ) -> Expiring | L34: 46400 | M34: =IF( _xlfn.XLOOKUP($D34 & "-" & L$2, TrainingMan!$G:$G, TrainingMan!$F:$F, "2-Year") = "Forever", "Valid", IF(L34="", "Not Trained", IF(L34 < TODAY() - 1, "Expired", IF(L34 <= TODAY() + 90, "Expiring", "Valid") ) ) ) -> Valid | N34: 46400 | O34: =IF( _xlfn.XLOOKUP($D34 & "-" & N$2, TrainingMan!$G:$G, TrainingMan!$F:$F, "2-Year") = "Forever", "Valid", IF(N34="", "Not Trained", IF(N34 < TODAY() - 1, "Expired", IF(N34 <= TODAY() + 90, "Expiring", "Valid") ) ) ) -> Valid | P34: 46400 | Q34: =IF( _xlfn.XLOOKUP($D34 & "-" & P$2, TrainingMan!$G:$G, TrainingMan!$F:$F, "2-Year") = "Forever", "Valid", IF(P34="", "Not Trained", IF(P34 < TODAY() - 1, "Expired", IF(P34 <= TODAY() + 90, "Expiring", "Valid") ) ) ) -> Valid | R34: 46400 | S34: =IF( _xlfn.XLOOKUP($D34 & "-" & R$2, TrainingMan!$G:$G, TrainingMan!$F:$F, "2-Year") = "Forever", "Valid", IF(R34="", "Not Trained", IF(R34 < TODAY() - 1, "Expired", IF(R34 <= TODAY() + 90, "Expiring", "Valid") ) ) ) -> Valid | T34: 46400 | U34: =IF( _xlfn.XLOOKUP($D34 & "-" & T$2, TrainingMan!$G:$G, TrainingMan!$F:$F, "2-Year") = "Forever", "Valid", IF(T34="", "Not Trained", IF(T34 < TODAY() - 1, "Expired", IF(T34 <= TODAY() + 90, "Expiring", "Valid") ) ) ) -> Valid | V34: 46400 | W34: =IF( _xlfn.XLOOKUP($D34 & "-" & V$2, TrainingMan!$G:$G, TrainingMan!$F:$F, "2-Year") = "Forever", "Valid", IF(V34="", "Not Trained", IF(V34 < TODAY() - 1, "Expired", IF(V34 <= TODAY() + 90, "Expiring", "Valid") ) ) ) -> Valid | X34: 46400 | Y34: =IF( _xlfn.XLOOKUP($D34 & "-" & X$2, TrainingMan!$G:$G, TrainingMan!$F:$F, "2-Year") = "Forever", "Valid", IF(X34="", "Not Trained", IF(X34 < TODAY() - 1, "Expired", IF(X34 <= TODAY() + 90, "Expiring", "Valid") ) ) ) -> Valid | Z34: 45518 | AA34: =IF(LEN(TRIM(Z34)) = 0, "Not Trained", IF(_xlfn.XLOOKUP($D34 & "-" & Z$2, TrainingMan!$G:$G, TrainingMan!$F:$F, "2-Year") = "Forever", "Valid", IF(Z34 < TODAY() - 1, "Expired", IF(Z34 <= TODAY() + 90, "Expiring", "Valid") ) ) ) -> Valid | AB34: 40851 | AC34: 43562 | AD34: 43504 | AE34: 45676 | AF34: 45606 | BB34: 46402 | BC34: 2011-09-12 | BD34: 2024-12-31 | BI34: 42417 | BJ34: A330 | BK34: A330 Neo | BQ34: =COUNTIF('TrainingReq (Ach)'!B:B,Table13[[#This Row],[Job Title]]) -> 15 | BR34: {=SUMPRODUCT( COUNTIFS( ValidityMatrix[Job Title], Table13[[#This Row],[Job Title]], ValidityMatrix[Training Type], Table13[[#Headers],[Human Factor]:[Mandatory for Supporting]] ), --(Table13[[#This Row],[Human Factor]:[Mandatory for Supporting]]<>""), --(Table13[[#This Row],[Human Factor]:[Mandatory for Supporting]]<>"Not Trained") )} -> 15 | BS34: =BR34/BQ34 -> 1 | BT34: 100.00% | BU34: DIRECT | BV34: C1 C2 C4 | BW34: A330 | BX34: A330 Neo | BZ34: 8400 | CA34: 2 | CC34: I.E8400 | CD34: 46988 | CE34: =IF( _xlfn.XLOOKUP($D34 & "-" & CD$2, 'TrainingReq (Ach)'!$G:$G, 'TrainingReq (Ach)'!$F:$F, "2-Year") = "Forever", "Valid", IF(CD34="", "Not Trained", IF(CD34 < TODAY() - 1, "Expired", IF(CD34 <= TODAY() + 90, "Expiring", "Valid") ) ) ) -> Valid | CF34: A null | CG34: 53815 | CH34: =IF( _xlfn.XLOOKUP($D33 & "-" & CG$2, 'TrainingReq (Ach)'!$G:$G, 'TrainingReq (Ach)'!$F:$F, "2-Year") = "Forever", "Valid", IF(CG33="", "Not Trained", IF(CG33 < TODAY() - 1, "Expired", IF(CG33 <= TODAY() + 90, "Expiring", "Valid") ) ) ) -> Valid | CI34: =IF(BW34<>"","Eligible","Not eligible") -> Eligible | CJ34: =IF(BX34<>"","Eligible","Not eligible") -> Eligible
A35: 33 | B35: 584249 | C35: MOHAMMED IKROM ASYSYAKUUR | D35: SENIOR AIRCRAFT CABIN TECHNICIAN | E35: p422 | F35: JKTTLF-2 | G35: JKTTNL-2 | H35: 46409 | I35: =IF( _xlfn.XLOOKUP($D35 & "-" & H$2, 'TrainingReq (Ach)'!G:G, 'TrainingReq (Ach)'!F:F, "2-Year") = "Forever", "Valid", IF(H35="", "Not Trained", IF(H35 < TODAY() - 1, "Expired", IF(H35 <= TODAY() + 90, "Expiring", "Valid") ) ) ) -> Valid | J35: 46430 | K35: =IF( _xlfn.XLOOKUP($D35 & "-" & J$2, 'TrainingReq (Ach)'!G:G, 'TrainingReq (Ach)'!F:F, "2-Year") = "Forever", "Valid", IF(J35="", "Not Trained", IF(J35 < TODAY() - 1, "Expired", IF(J35 <= TODAY() + 90, "Expiring", "Valid") ) ) ) -> Valid | L35: 46425 | M35: =IF( _xlfn.XLOOKUP($D35 & "-" & L$2, TrainingMan!$G:$G, TrainingMan!$F:$F, "2-Year") = "Forever", "Valid", IF(L35="", "Not Trained", IF(L35 < TODAY() - 1, "Expired", IF(L35 <= TODAY() + 90, "Expiring", "Valid") ) ) ) -> Valid | N35: 46396 | O35: =IF( _xlfn.XLOOKUP($D35 & "-" & N$2, TrainingMan!$G:$G, TrainingMan!$F:$F, "2-Year") = "Forever", "Valid", IF(N35="", "Not Trained", IF(N35 < TODAY() - 1, "Expired", IF(N35 <= TODAY() + 90, "Expiring", "Valid") ) ) ) -> Valid | P35: 46396 | Q35: =IF( _xlfn.XLOOKUP($D35 & "-" & P$2, TrainingMan!$G:$G, TrainingMan!$F:$F, "2-Year") = "Forever", "Valid", IF(P35="", "Not Trained", IF(P35 < TODAY() - 1, "Expired", IF(P35 <= TODAY() + 90, "Expiring", "Valid") ) ) ) -> Valid | R35: 46396 | S35: =IF( _xlfn.XLOOKUP($D35 & "-" & R$2, TrainingMan!$G:$G, TrainingMan!$F:$F, "2-Year") = "Forever", "Valid", IF(R35="", "Not Trained", IF(R35 < TODAY() - 1, "Expired", IF(R35 <= TODAY() + 90, "Expiring", "Valid") ) ) ) -> Valid | T35: 46397 | U35: =IF( _xlfn.XLOOKUP($D35 & "-" & T$2, TrainingMan!$G:$G, TrainingMan!$F:$F, "2-Year") = "Forever", "Valid", IF(T35="", "Not Trained", IF(T35 < TODAY() - 1, "Expired", IF(T35 <= TODAY() + 90, "Expiring", "Valid") ) ) ) -> Valid | V35: 46404 | W35: =IF( _xlfn.XLOOKUP($D35 & "-" & V$2, TrainingMan!$G:$G, TrainingMan!$F:$F, "2-Year") = "Forever", "Valid", IF(V35="", "Not Trained", IF(V35 < TODAY() - 1, "Expired", IF(V35 <= TODAY() + 90, "Expiring", "Valid") ) ) ) -> Valid | X35: 46501 | Y35: =IF( _xlfn.XLOOKUP($D35 & "-" & X$2, TrainingMan!$G:$G, TrainingMan!$F:$F, "2-Year") = "Forever", "Valid", IF(X35="", "Not Trained", IF(X35 < TODAY() - 1, "Expired", IF(X35 <= TODAY() + 90, "Expiring", "Valid") ) ) ) -> Valid | Z35: 46568 | AA35: =IF(LEN(TRIM(Z35)) = 0, "Not Trained", IF(_xlfn.XLOOKUP($D35 & "-" & Z$2, TrainingMan!$G:$G, TrainingMan!$F:$F, "2-Year") = "Forever", "Valid", IF(Z35 < TODAY() - 1, "Expired", IF(Z35 <= TODAY() + 90, "Expiring", "Valid") ) ) ) -> Valid | AB35: 46376 | BB35: 45818 | BD35: 2025-01-08 | BQ35: =COUNTIF('TrainingReq (Ach)'!B:B,Table13[[#This Row],[Job Title]]) -> 13 | BR35: {=SUMPRODUCT( COUNTIFS( ValidityMatrix[Job Title], Table13[[#This Row],[Job Title]], ValidityMatrix[Training Type], Table13[[#Headers],[Human Factor]:[Mandatory for Supporting]] ), --(Table13[[#This Row],[Human Factor]:[Mandatory for Supporting]]<>""), --(Table13[[#This Row],[Human Factor]:[Mandatory for Supporting]]<>"Not Trained") )} -> 12 | BS35: =BR35/BQ35 -> 0.92307692 | BT35: 69.23% | BU35: DIRECT | BV35: C1 C2 C4 | CC35: M.584249 | CE35: =IF( _xlfn.XLOOKUP($D35 & "-" & CD$2, 'TrainingReq (Ach)'!$G:$G, 'TrainingReq (Ach)'!$F:$F, "2-Year") = "Forever", "Valid", IF(CD35="", "Not Trained", IF(CD35 < TODAY() - 1, "Expired", IF(CD35 <= TODAY() + 90, "Expiring", "Valid") ) ) ) -> Not Trained | CF35: A null | CH35: =IF( _xlfn.XLOOKUP($D34 & "-" & CG$2, 'TrainingReq (Ach)'!$G:$G, 'TrainingReq (Ach)'!$F:$F, "2-Year") = "Forever", "Valid", IF(CG34="", "Not Trained", IF(CG34 < TODAY() - 1, "Expired", IF(CG34 <= TODAY() + 90, "Expiring", "Valid") ) ) ) -> Valid | CI35: =IF(BW35<>"","Eligible","Not eligible") -> Not eligible | CJ35: =IF(BX35<>"","Eligible","Not eligible") -> Not eligible
A36: 34 | B36: 582685 | C36: AHMAD WILDAN NASHRULLOH | D36: SENIOR AIRCRAFT MAINTENANCE TECHNICIAN | E36: p422 | F36: JKTTLF-2 | G36: JKTTNL-2 | H36: 46459 | I36: =IF( _xlfn.XLOOKUP($D36 & "-" & H$2, 'TrainingReq (Ach)'!G:G, 'TrainingReq (Ach)'!F:F, "2-Year") = "Forever", "Valid", IF(H36="", "Not Trained", IF(H36 < TODAY() - 1, "Expired", IF(H36 <= TODAY() + 90, "Expiring", "Valid") ) ) ) -> Valid | J36: 46459 | K36: =IF( _xlfn.XLOOKUP($D36 & "-" & J$2, 'TrainingReq (Ach)'!G:G, 'TrainingReq (Ach)'!F:F, "2-Year") = "Forever", "Valid", IF(J36="", "Not Trained", IF(J36 < TODAY() - 1, "Expired", IF(J36 <= TODAY() + 90, "Expiring", "Valid") ) ) ) -> Valid | L36: 46934 | M36: =IF( _xlfn.XLOOKUP($D36 & "-" & L$2, TrainingMan!$G:$G, TrainingMan!$F:$F, "2-Year") = "Forever", "Valid", IF(L36="", "Not Trained", IF(L36 < TODAY() - 1, "Expired", IF(L36 <= TODAY() + 90, "Expiring", "Valid") ) ) ) -> Valid | N36: 46317 | O36: =IF( _xlfn.XLOOKUP($D36 & "-" & N$2, TrainingMan!$G:$G, TrainingMan!$F:$F, "2-Year") = "Forever", "Valid", IF(N36="", "Not Trained", IF(N36 < TODAY() - 1, "Expired", IF(N36 <= TODAY() + 90, "Expiring", "Valid") ) ) ) -> Expiring | P36: 46318 | Q36: =IF( _xlfn.XLOOKUP($D36 & "-" & P$2, TrainingMan!$G:$G, TrainingMan!$F:$F, "2-Year") = "Forever", "Valid", IF(P36="", "Not Trained", IF(P36 < TODAY() - 1, "Expired", IF(P36 <= TODAY() + 90, "Expiring", "Valid") ) ) ) -> Expiring | R36: 46318 | S36: =IF( _xlfn.XLOOKUP($D36 & "-" & R$2, TrainingMan!$G:$G, TrainingMan!$F:$F, "2-Year") = "Forever", "Valid", IF(R36="", "Not Trained", IF(R36 < TODAY() - 1, "Expired", IF(R36 <= TODAY() + 90, "Expiring", "Valid") ) ) ) -> Expiring | T36: 46318 | U36: =IF( _xlfn.XLOOKUP($D36 & "-" & T$2, TrainingMan!$G:$G, TrainingMan!$F:$F, "2-Year") = "Forever", "Valid", IF(T36="", "Not Trained", IF(T36 < TODAY() - 1, "Expired", IF(T36 <= TODAY() + 90, "Expiring", "Valid") ) ) ) -> Expiring | V36: 46965 | W36: =IF( _xlfn.XLOOKUP($D36 & "-" & V$2, TrainingMan!$G:$G, TrainingMan!$F:$F, "2-Year") = "Forever", "Valid", IF(V36="", "Not Trained", IF(V36 < TODAY() - 1, "Expired", IF(V36 <= TODAY() + 90, "Expiring", "Valid") ) ) ) -> Valid | X36: 46317 | Y36: =IF( _xlfn.XLOOKUP($D36 & "-" & X$2, TrainingMan!$G:$G, TrainingMan!$F:$F, "2-Year") = "Forever", "Valid", IF(X36="", "Not Trained", IF(X36 < TODAY() - 1, "Expired", IF(X36 <= TODAY() + 90, "Expiring", "Valid") ) ) ) -> Expiring | Z36: 45518 | AA36: =IF(LEN(TRIM(Z36)) = 0, "Not Trained", IF(_xlfn.XLOOKUP($D36 & "-" & Z$2, TrainingMan!$G:$G, TrainingMan!$F:$F, "2-Year") = "Forever", "Valid", IF(Z36 < TODAY() - 1, "Expired", IF(Z36 <= TODAY() + 90, "Expiring", "Valid") ) ) ) -> Valid | AB36: 44235 | AC36: 45506 | AD36: 44428 | AF36: 45175 | BB36: 45957 | BC36: 2022-10-05 | BD36: 2018-03-21 | BI36: 44053 | BJ36: ATR | BK36: B737 | BL36: B737 MAX | BQ36: =COUNTIF('TrainingReq (Ach)'!B:B,Table13[[#This Row],[Job Title]]) -> 15 | BR36: {=SUMPRODUCT( COUNTIFS( ValidityMatrix[Job Title], Table13[[#This Row],[Job Title]], ValidityMatrix[Training Type], Table13[[#Headers],[Human Factor]:[Mandatory for Supporting]] ), --(Table13[[#This Row],[Human Factor]:[Mandatory for Supporting]]<>""), --(Table13[[#This Row],[Human Factor]:[Mandatory for Supporting]]<>"Not Trained") )} -> 15 | BS36: =BR36/BQ36 -> 1 | BT36: 92.31% | BU36: DIRECT | BV36: C1 C2 C4 | BW36: ATR | BX36: B737 | BZ36: 10996 | CC36: I.E10996 | CD36: 46826 | CE36: =IF( _xlfn.XLOOKUP($D36 & "-" & CD$2, 'TrainingReq (Ach)'!$G:$G, 'TrainingReq (Ach)'!$F:$F, "2-Year") = "Forever", "Valid", IF(CD36="", "Not Trained", IF(CD36 < TODAY() - 1, "Expired", IF(CD36 <= TODAY() + 90, "Expiring", "Valid") ) ) ) -> Valid | CF36: A null | CG36: 55576 | CH36: =IF( _xlfn.XLOOKUP($D35 & "-" & CG$2, 'TrainingReq (Ach)'!$G:$G, 'TrainingReq (Ach)'!$F:$F, "2-Year") = "Forever", "Valid", IF(CG35="", "Not Trained", IF(CG35 < TODAY() - 1, "Expired", IF(CG35 <= TODAY() + 90, "Expiring", "Valid") ) ) ) -> Not Trained | CI36: =IF(BW36<>"","Eligible","Not eligible") -> Eligible | CJ36: =IF(BX36<>"","Eligible","Not eligible") -> Eligible
A37: 35 | B37: 581612 | C37: PEGGY ASRUL SANI | D37: SENIOR AIRCRAFT CABIN TECHNICIAN | E37: p423 | F37: JKTTLF-2 | G37: JKTTNL-2 | H37: 46459 | I37: =IF( _xlfn.XLOOKUP($D37 & "-" & H$2, 'TrainingReq (Ach)'!G:G, 'TrainingReq (Ach)'!F:F, "2-Year") = "Forever", "Valid", IF(H37="", "Not Trained", IF(H37 < TODAY() - 1, "Expired", IF(H37 <= TODAY() + 90, "Expiring", "Valid") ) ) ) -> Valid | J37: 46459 | K37: =IF( _xlfn.XLOOKUP($D37 & "-" & J$2, 'TrainingReq (Ach)'!G:G, 'TrainingReq (Ach)'!F:F, "2-Year") = "Forever", "Valid", IF(J37="", "Not Trained", IF(J37 < TODAY() - 1, "Expired", IF(J37 <= TODAY() + 90, "Expiring", "Valid") ) ) ) -> Valid | L37: 46610 | M37: =IF( _xlfn.XLOOKUP($D37 & "-" & L$2, TrainingMan!$G:$G, TrainingMan!$F:$F, "2-Year") = "Forever", "Valid", IF(L37="", "Not Trained", IF(L37 < TODAY() - 1, "Expired", IF(L37 <= TODAY() + 90, "Expiring", "Valid") ) ) ) -> Valid | N37: 46610 | O37: =IF( _xlfn.XLOOKUP($D37 & "-" & N$2, TrainingMan!$G:$G, TrainingMan!$F:$F, "2-Year") = "Forever", "Valid", IF(N37="", "Not Trained", IF(N37 < TODAY() - 1, "Expired", IF(N37 <= TODAY() + 90, "Expiring", "Valid") ) ) ) -> Valid | P37: 46610 | Q37: =IF( _xlfn.XLOOKUP($D37 & "-" & P$2, TrainingMan!$G:$G, TrainingMan!$F:$F, "2-Year") = "Forever", "Valid", IF(P37="", "Not Trained", IF(P37 < TODAY() - 1, "Expired", IF(P37 <= TODAY() + 90, "Expiring", "Valid") ) ) ) -> Valid | R37: 46610 | S37: =IF( _xlfn.XLOOKUP($D37 & "-" & R$2, TrainingMan!$G:$G, TrainingMan!$F:$F, "2-Year") = "Forever", "Valid", IF(R37="", "Not Trained", IF(R37 < TODAY() - 1, "Expired", IF(R37 <= TODAY() + 90, "Expiring", "Valid") ) ) ) -> Valid | T37: 46610 | U37: =IF( _xlfn.XLOOKUP($D37 & "-" & T$2, TrainingMan!$G:$G, TrainingMan!$F:$F, "2-Year") = "Forever", "Valid", IF(T37="", "Not Trained", IF(T37 < TODAY() - 1, "Expired", IF(T37 <= TODAY() + 90, "Expiring", "Valid") ) ) ) -> Valid | V37: 46610 | W37: =IF( _xlfn.XLOOKUP($D37 & "-" & V$2, TrainingMan!$G:$G, TrainingMan!$F:$F, "2-Year") = "Forever", "Valid", IF(V37="", "Not Trained", IF(V37 < TODAY() - 1, "Expired", IF(V37 <= TODAY() + 90, "Expiring", "Valid") ) ) ) -> Valid | X37: 46610 | Y37: =IF( _xlfn.XLOOKUP($D37 & "-" & X$2, TrainingMan!$G:$G, TrainingMan!$F:$F, "2-Year") = "Forever", "Valid", IF(X37="", "Not Trained", IF(X37 < TODAY() - 1, "Expired", IF(X37 <= TODAY() + 90, "Expiring", "Valid") ) ) ) -> Valid | Z37: 45017 | AA37: =IF(LEN(TRIM(Z37)) = 0, "Not Trained", IF(_xlfn.XLOOKUP($D37 & "-" & Z$2, TrainingMan!$G:$G, TrainingMan!$F:$F, "2-Year") = "Forever", "Valid", IF(Z37 < TODAY() - 1, "Expired", IF(Z37 <= TODAY() + 90, "Expiring", "Valid") ) ) ) -> Valid | AB37: 43303 | AC37: 46132 | AD37: 45999 | BC37: 2020-03-18 | BD37: 2016-02-12 | BE37: 42033 | BI37: 45215 | BJ37: A330 | BQ37: =COUNTIF('TrainingReq (Ach)'!B:B,Table13[[#This Row],[Job Title]]) -> 13 | BR37: {=SUMPRODUCT( COUNTIFS( ValidityMatrix[Job Title], Table13[[#This Row],[Job Title]], ValidityMatrix[Training Type], Table13[[#Headers],[Human Factor]:[Mandatory for Supporting]] ), --(Table13[[#This Row],[Human Factor]:[Mandatory for Supporting]]<>""), --(Table13[[#This Row],[Human Factor]:[Mandatory for Supporting]]<>"Not Trained") )} -> 12 | BS37: =BR37/BQ37 -> 0.92307692 | BT37: 92.31% | BU37: DIRECT | BV37: A1 A4 | BW37: A330 | BZ37: 12390 | CA37: 1 | CC37: M.581612 | CE37: =IF( _xlfn.XLOOKUP($D37 & "-" & CD$2, 'TrainingReq (Ach)'!$G:$G, 'TrainingReq (Ach)'!$F:$F, "2-Year") = "Forever", "Valid", IF(CD37="", "Not Trained", IF(CD37 < TODAY() - 1, "Expired", IF(CD37 <= TODAY() + 90, "Expiring", "Valid") ) ) ) -> Not Trained | CF37: A null | CG37: 53676 | CH37: =IF( _xlfn.XLOOKUP($D36 & "-" & CG$2, 'TrainingReq (Ach)'!$G:$G, 'TrainingReq (Ach)'!$F:$F, "2-Year") = "Forever", "Valid", IF(CG36="", "Not Trained", IF(CG36 < TODAY() - 1, "Expired", IF(CG36 <= TODAY() + 90, "Expiring", "Valid") ) ) ) -> Valid | CI37: =IF(BW37<>"","Eligible","Not eligible") -> Eligible | CJ37: =IF(BX37<>"","Eligible","Not eligible") -> Not eligible
A38: 36 | B38: 581618 | C38: EKO WASYANTO | D38: SENIOR AIRCRAFT CABIN TECHNICIAN | E38: p423 | F38: JKTTLF-2 | G38: JKTTNL-2 | H38: 46361 | I38: =IF( _xlfn.XLOOKUP($D38 & "-" & H$2, 'TrainingReq (Ach)'!G:G, 'TrainingReq (Ach)'!F:F, "2-Year") = "Forever", "Valid", IF(H38="", "Not Trained", IF(H38 < TODAY() - 1, "Expired", IF(H38 <= TODAY() + 90, "Expiring", "Valid") ) ) ) -> Valid | J38: 46361 | K38: =IF( _xlfn.XLOOKUP($D38 & "-" & J$2, 'TrainingReq (Ach)'!G:G, 'TrainingReq (Ach)'!F:F, "2-Year") = "Forever", "Valid", IF(J38="", "Not Trained", IF(J38 < TODAY() - 1, "Expired", IF(J38 <= TODAY() + 90, "Expiring", "Valid") ) ) ) -> Valid | L38: 46586 | M38: =IF( _xlfn.XLOOKUP($D38 & "-" & L$2, TrainingMan!$G:$G, TrainingMan!$F:$F, "2-Year") = "Forever", "Valid", IF(L38="", "Not Trained", IF(L38 < TODAY() - 1, "Expired", IF(L38 <= TODAY() + 90, "Expiring", "Valid") ) ) ) -> Valid | N38: 46586 | O38: =IF( _xlfn.XLOOKUP($D38 & "-" & N$2, TrainingMan!$G:$G, TrainingMan!$F:$F, "2-Year") = "Forever", "Valid", IF(N38="", "Not Trained", IF(N38 < TODAY() - 1, "Expired", IF(N38 <= TODAY() + 90, "Expiring", "Valid") ) ) ) -> Valid | P38: 46586 | Q38: =IF( _xlfn.XLOOKUP($D38 & "-" & P$2, TrainingMan!$G:$G, TrainingMan!$F:$F, "2-Year") = "Forever", "Valid", IF(P38="", "Not Trained", IF(P38 < TODAY() - 1, "Expired", IF(P38 <= TODAY() + 90, "Expiring", "Valid") ) ) ) -> Valid | R38: 46586 | S38: =IF( _xlfn.XLOOKUP($D38 & "-" & R$2, TrainingMan!$G:$G, TrainingMan!$F:$F, "2-Year") = "Forever", "Valid", IF(R38="", "Not Trained", IF(R38 < TODAY() - 1, "Expired", IF(R38 <= TODAY() + 90, "Expiring", "Valid") ) ) ) -> Valid | T38: 46586 | U38: =IF( _xlfn.XLOOKUP($D38 & "-" & T$2, TrainingMan!$G:$G, TrainingMan!$F:$F, "2-Year") = "Forever", "Valid", IF(T38="", "Not Trained", IF(T38 < TODAY() - 1, "Expired", IF(T38 <= TODAY() + 90, "Expiring", "Valid") ) ) ) -> Valid | V38: 46586 | W38: =IF( _xlfn.XLOOKUP($D38 & "-" & V$2, TrainingMan!$G:$G, TrainingMan!$F:$F, "2-Year") = "Forever", "Valid", IF(V38="", "Not Trained", IF(V38 < TODAY() - 1, "Expired", IF(V38 <= TODAY() + 90, "Expiring", "Valid") ) ) ) -> Valid | X38: 46586 | Y38: =IF( _xlfn.XLOOKUP($D38 & "-" & X$2, TrainingMan!$G:$G, TrainingMan!$F:$F, "2-Year") = "Forever", "Valid", IF(X38="", "Not Trained", IF(X38 < TODAY() - 1, "Expired", IF(X38 <= TODAY() + 90, "Expiring", "Valid") ) ) ) -> Valid | Z38: 45010 | AA38: =IF(LEN(TRIM(Z38)) = 0, "Not Trained", IF(_xlfn.XLOOKUP($D38 & "-" & Z$2, TrainingMan!$G:$G, TrainingMan!$F:$F, "2-Year") = "Forever", "Valid", IF(Z38 < TODAY() - 1, "Expired", IF(Z38 <= TODAY() + 90, "Expiring", "Valid") ) ) ) -> Valid | AB38: 43630 | AC38: 44095 | AD38: 45546 | AF38: 43195 | BD38: 2016-02-12 | BE38: 42033 | BI38: 44725 | BJ38: A330 | BQ38: =COUNTIF('TrainingReq (Ach)'!B:B,Table13[[#This Row],[Job Title]]) -> 13 | BR38: {=SUMPRODUCT( COUNTIFS( ValidityMatrix[Job Title], Table13[[#This Row],[Job Title]], ValidityMatrix[Training Type], Table13[[#Headers],[Human Factor]:[Mandatory for Supporting]] ), --(Table13[[#This Row],[Human Factor]:[Mandatory for Supporting]]<>""), --(Table13[[#This Row],[Human Factor]:[Mandatory for Supporting]]<>"Not Trained") )} -> 12 | BS38: =BR38/BQ38 -> 0.92307692 | BT38: 76.92% | BU38: DIRECT | BV38: A1 A4 | BW38: A330 | BZ38: 12928 | CC38: I.A12928 | CD38: 46677 | CE38: =IF( _xlfn.XLOOKUP($D38 & "-" & CD$2, 'TrainingReq (Ach)'!$G:$G, 'TrainingReq (Ach)'!$F:$F, "2-Year") = "Forever", "Valid", IF(CD38="", "Not Trained", IF(CD38 < TODAY() - 1, "Expired", IF(CD38 <= TODAY() + 90, "Expiring", "Valid") ) ) ) -> Valid | CF38: A null | CG38: 54138 | CH38: =IF( _xlfn.XLOOKUP($D37 & "-" & CG$2, 'TrainingReq (Ach)'!$G:$G, 'TrainingReq (Ach)'!$F:$F, "2-Year") = "Forever", "Valid", IF(CG37="", "Not Trained", IF(CG37 < TODAY() - 1, "Expired", IF(CG37 <= TODAY() + 90, "Expiring", "Valid") ) ) ) -> Valid | CI38: =IF(BW38<>"","Eligible","Not eligible") -> Eligible | CJ38: =IF(BX38<>"","Eligible","Not eligible") -> Not eligible
A39: 37 | B39: 782742 | C39: NURWANDI | D39: Aircraft Cabin Technician (PKWT NP) | E39: p428 | F39: JKTTLF-2 | G39: JKTTNL-2 | H39: 46396 | I39: =IF( _xlfn.XLOOKUP($D39 & "-" & H$2, 'TrainingReq (Ach)'!G:G, 'TrainingReq (Ach)'!F:F, "2-Year") = "Forever", "Valid", IF(H39="", "Not Trained", IF(H39 < TODAY() - 1, "Expired", IF(H39 <= TODAY() + 90, "Expiring", "Valid") ) ) ) -> Valid | J39: 46396 | K39: =IF( _xlfn.XLOOKUP($D39 & "-" & J$2, 'TrainingReq (Ach)'!G:G, 'TrainingReq (Ach)'!F:F, "2-Year") = "Forever", "Valid", IF(J39="", "Not Trained", IF(J39 < TODAY() - 1, "Expired", IF(J39 <= TODAY() + 90, "Expiring", "Valid") ) ) ) -> Valid | L39: =Table13[[#This Row],[Mandatory for Supporting]] -> 44986 | M39: =IF( _xlfn.XLOOKUP($D39 & "-" & L$2, TrainingMan!$G:$G, TrainingMan!$F:$F, "2-Year") = "Forever", "Valid", IF(L39="", "Not Trained", IF(L39 < TODAY() - 1, "Expired", IF(L39 <= TODAY() + 90, "Expiring", "Valid") ) ) ) -> Valid | AB39: 45929 | BD39: 45819 | BP39: 44986 | BQ39: =COUNTIF('TrainingReq (Ach)'!B:B,Table13[[#This Row],[Job Title]]) -> 3 | BR39: {=SUMPRODUCT( COUNTIFS( ValidityMatrix[Job Title], Table13[[#This Row],[Job Title]], ValidityMatrix[Training Type], Table13[[#Headers],[Human Factor]:[Mandatory for Supporting]] ), --(Table13[[#This Row],[Human Factor]:[Mandatory for Supporting]]<>""), --(Table13[[#This Row],[Human Factor]:[Mandatory for Supporting]]<>"Not Trained") )} -> 3 | BS39: =BR39/BQ39 -> 1 | BT39: 18.18% | BU39: DIRECT | CE39: =IF( _xlfn.XLOOKUP($D39 & "-" & CD$2, 'TrainingReq (Ach)'!$G:$G, 'TrainingReq (Ach)'!$F:$F, "2-Year") = "Forever", "Valid", IF(CD39="", "Not Trained", IF(CD39 < TODAY() - 1, "Expired", IF(CD39 <= TODAY() + 90, "Expiring", "Valid") ) ) ) -> Not Trained | CF39: A null | CH39: =IF( _xlfn.XLOOKUP($D38 & "-" & CG$2, 'TrainingReq (Ach)'!$G:$G, 'TrainingReq (Ach)'!$F:$F, "2-Year") = "Forever", "Valid", IF(CG38="", "Not Trained", IF(CG38 < TODAY() - 1, "Expired", IF(CG38 <= TODAY() + 90, "Expiring", "Valid") ) ) ) -> Valid | CI39: =IF(BW39<>"","Eligible","Not eligible") -> Not eligible | CJ39: =IF(BX39<>"","Eligible","Not eligible") -> Not eligible
A40: 38 | B40: 782743 | C40: NUR KHOLIS | D40: Aircraft Cabin Technician (PKWT NP) | E40: p428 | F40: JKTTLF-2 | G40: JKTTNL-2 | H40: 46396 | I40: =IF( _xlfn.XLOOKUP($D40 & "-" & H$2, 'TrainingReq (Ach)'!G:G, 'TrainingReq (Ach)'!F:F, "2-Year") = "Forever", "Valid", IF(H40="", "Not Trained", IF(H40 < TODAY() - 1, "Expired", IF(H40 <= TODAY() + 90, "Expiring", "Valid") ) ) ) -> Valid | J40: 46396 | K40: =IF( _xlfn.XLOOKUP($D40 & "-" & J$2, 'TrainingReq (Ach)'!G:G, 'TrainingReq (Ach)'!F:F, "2-Year") = "Forever", "Valid", IF(J40="", "Not Trained", IF(J40 < TODAY() - 1, "Expired", IF(J40 <= TODAY() + 90, "Expiring", "Valid") ) ) ) -> Valid | L40: =Table13[[#This Row],[Mandatory for Supporting]] -> 44986 | M40: =IF( _xlfn.XLOOKUP($D40 & "-" & L$2, TrainingMan!$G:$G, TrainingMan!$F:$F, "2-Year") = "Forever", "Valid", IF(L40="", "Not Trained", IF(L40 < TODAY() - 1, "Expired", IF(L40 <= TODAY() + 90, "Expiring", "Valid") ) ) ) -> Valid | AB40: 45850 | BD40: 45855 | BP40: 44986 | BQ40: =COUNTIF('TrainingReq (Ach)'!B:B,Table13[[#This Row],[Job Title]]) -> 3 | BR40: {=SUMPRODUCT( COUNTIFS( ValidityMatrix[Job Title], Table13[[#This Row],[Job Title]], ValidityMatrix[Training Type], Table13[[#Headers],[Human Factor]:[Mandatory for Supporting]] ), --(Table13[[#This Row],[Human Factor]:[Mandatory for Supporting]]<>""), --(Table13[[#This Row],[Human Factor]:[Mandatory for Supporting]]<>"Not Trained") )} -> 3 | BS40: =BR40/BQ40 -> 1 | BT40: 27.27% | BU40: DIRECT | CE40: =IF( _xlfn.XLOOKUP($D40 & "-" & CD$2, 'TrainingReq (Ach)'!$G:$G, 'TrainingReq (Ach)'!$F:$F, "2-Year") = "Forever", "Valid", IF(CD40="", "Not Trained", IF(CD40 < TODAY() - 1, "Expired", IF(CD40 <= TODAY() + 90, "Expiring", "Valid") ) ) ) -> Not Trained | CF40: A null | CH40: =IF( _xlfn.XLOOKUP($D39 & "-" & CG$2, 'TrainingReq (Ach)'!$G:$G, 'TrainingReq (Ach)'!$F:$F, "2-Year") = "Forever", "Valid", IF(CG39="", "Not Trained", IF(CG39 < TODAY() - 1, "Expired", IF(CG39 <= TODAY() + 90, "Expiring", "Valid") ) ) ) -> Not Trained | CI40: =IF(BW40<>"","Eligible","Not eligible") -> Not eligible | CJ40: =IF(BX40<>"","Eligible","Not eligible") -> Not eligible
A41: 39 | B41: 782750 | C41: HENDRI | D41: Aircraft Cabin Technician (PKWT NP) | E41: p428 | F41: JKTTLF-2 | G41: JKTTNL-2 | H41: 46396 | I41: =IF( _xlfn.XLOOKUP($D41 & "-" & H$2, 'TrainingReq (Ach)'!G:G, 'TrainingReq (Ach)'!F:F, "2-Year") = "Forever", "Valid", IF(H41="", "Not Trained", IF(H41 < TODAY() - 1, "Expired", IF(H41 <= TODAY() + 90, "Expiring", "Valid") ) ) ) -> Valid | J41: 46396 | K41: =IF( _xlfn.XLOOKUP($D41 & "-" & J$2, 'TrainingReq (Ach)'!G:G, 'TrainingReq (Ach)'!F:F, "2-Year") = "Forever", "Valid", IF(J41="", "Not Trained", IF(J41 < TODAY() - 1, "Expired", IF(J41 <= TODAY() + 90, "Expiring", "Valid") ) ) ) -> Valid | L41: =Table13[[#This Row],[Mandatory for Supporting]] -> 44986 | M41: =IF( _xlfn.XLOOKUP($D41 & "-" & L$2, TrainingMan!$G:$G, TrainingMan!$F:$F, "2-Year") = "Forever", "Valid", IF(L41="", "Not Trained", IF(L41 < TODAY() - 1, "Expired", IF(L41 <= TODAY() + 90, "Expiring", "Valid") ) ) ) -> Valid | BD41: 45855 | BP41: 44986 | BQ41: =COUNTIF('TrainingReq (Ach)'!B:B,Table13[[#This Row],[Job Title]]) -> 3 | BR41: {=SUMPRODUCT( COUNTIFS( ValidityMatrix[Job Title], Table13[[#This Row],[Job Title]], ValidityMatrix[Training Type], Table13[[#Headers],[Human Factor]:[Mandatory for Supporting]] ), --(Table13[[#This Row],[Human Factor]:[Mandatory for Supporting]]<>""), --(Table13[[#This Row],[Human Factor]:[Mandatory for Supporting]]<>"Not Trained") )} -> 3 | BS41: =BR41/BQ41 -> 1 | BT41: 18.18% | BU41: DIRECT | CE41: =IF( _xlfn.XLOOKUP($D41 & "-" & CD$2, 'TrainingReq (Ach)'!$G:$G, 'TrainingReq (Ach)'!$F:$F, "2-Year") = "Forever", "Valid", IF(CD41="", "Not Trained", IF(CD41 < TODAY() - 1, "Expired", IF(CD41 <= TODAY() + 90, "Expiring", "Valid") ) ) ) -> Not Trained | CF41: A null | CH41: =IF( _xlfn.XLOOKUP($D40 & "-" & CG$2, 'TrainingReq (Ach)'!$G:$G, 'TrainingReq (Ach)'!$F:$F, "2-Year") = "Forever", "Valid", IF(CG40="", "Not Trained", IF(CG40 < TODAY() - 1, "Expired", IF(CG40 <= TODAY() + 90, "Expiring", "Valid") ) ) ) -> Not Trained | CI41: =IF(BW41<>"","Eligible","Not eligible") -> Not eligible | CJ41: =IF(BX41<>"","Eligible","Not eligible") -> Not eligible
A42: 40 | B42: 783022 | C42: MARNO WIBOWO | D42: Aircraft Cabin Technician (PKWT NP) | E42: p428 | F42: JKTTLF-2 | G42: JKTTNL-2 | H42: 46639 | I42: =IF( _xlfn.XLOOKUP($D42 & "-" & H$2, 'TrainingReq (Ach)'!G:G, 'TrainingReq (Ach)'!F:F, "2-Year") = "Forever", "Valid", IF(H42="", "Not Trained", IF(H42 < TODAY() - 1, "Expired", IF(H42 <= TODAY() + 90, "Expiring", "Valid") ) ) ) -> Valid | J42: 46612 | K42: =IF( _xlfn.XLOOKUP($D42 & "-" & J$2, 'TrainingReq (Ach)'!G:G, 'TrainingReq (Ach)'!F:F, "2-Year") = "Forever", "Valid", IF(J42="", "Not Trained", IF(J42 < TODAY() - 1, "Expired", IF(J42 <= TODAY() + 90, "Expiring", "Valid") ) ) ) -> Valid | L42: =Table13[[#This Row],[Mandatory for Supporting]] -> 45265 | M42: =IF( _xlfn.XLOOKUP($D42 & "-" & L$2, TrainingMan!$G:$G, TrainingMan!$F:$F, "2-Year") = "Forever", "Valid", IF(L42="", "Not Trained", IF(L42 < TODAY() - 1, "Expired", IF(L42 <= TODAY() + 90, "Expiring", "Valid") ) ) ) -> Valid | AB42: 46004 | BD42: 2024-03-08 | BP42: 45265 | BQ42: =COUNTIF('TrainingReq (Ach)'!B:B,Table13[[#This Row],[Job Title]]) -> 3 | BR42: {=SUMPRODUCT( COUNTIFS( ValidityMatrix[Job Title], Table13[[#This Row],[Job Title]], ValidityMatrix[Training Type], Table13[[#Headers],[Human Factor]:[Mandatory for Supporting]] ), --(Table13[[#This Row],[Human Factor]:[Mandatory for Supporting]]<>""), --(Table13[[#This Row],[Human Factor]:[Mandatory for Supporting]]<>"Not Trained") )} -> 3 | BS42: =BR42/BQ42 -> 1 | BT42: 18.18% | BU42: DIRECT | CE42: =IF( _xlfn.XLOOKUP($D42 & "-" & CD$2, 'TrainingReq (Ach)'!$G:$G, 'TrainingReq (Ach)'!$F:$F, "2-Year") = "Forever", "Valid", IF(CD42="", "Not Trained", IF(CD42 < TODAY() - 1, "Expired", IF(CD42 <= TODAY() + 90, "Expiring", "Valid") ) ) ) -> Not Trained | CF42: A null | CH42: =IF( _xlfn.XLOOKUP($D41 & "-" & CG$2, 'TrainingReq (Ach)'!$G:$G, 'TrainingReq (Ach)'!$F:$F, "2-Year") = "Forever", "Valid", IF(CG41="", "Not Trained", IF(CG41 < TODAY() - 1, "Expired", IF(CG41 <= TODAY() + 90, "Expiring", "Valid") ) ) ) -> Not Trained | CI42: =IF(BW42<>"","Eligible","Not eligible") -> Not eligible | CJ42: =IF(BX42<>"","Eligible","Not eligible") -> Not eligible
A43: 41 | B43: 580797 | C43: AFRIZAL ANDI | D43: SENIOR AIRCRAFT CABIN TECHNICIAN | E43: p423 | F43: JKTTLF-3 | G43: JKTTNL-3 | H43: 46542 | I43: =IF( _xlfn.XLOOKUP($D43 & "-" & H$2, 'TrainingReq (Ach)'!G:G, 'TrainingReq (Ach)'!F:F, "2-Year") = "Forever", "Valid", IF(H43="", "Not Trained", IF(H43 < TODAY() - 1, "Expired", IF(H43 <= TODAY() + 90, "Expiring", "Valid") ) ) ) -> Valid | J43: 46542 | K43: =IF( _xlfn.XLOOKUP($D43 & "-" & J$2, 'TrainingReq (Ach)'!G:G, 'TrainingReq (Ach)'!F:F, "2-Year") = "Forever", "Valid", IF(J43="", "Not Trained", IF(J43 < TODAY() - 1, "Expired", IF(J43 <= TODAY() + 90, "Expiring", "Valid") ) ) ) -> Valid | L43: 46557 | M43: =IF( _xlfn.XLOOKUP($D43 & "-" & L$2, TrainingMan!$G:$G, TrainingMan!$F:$F, "2-Year") = "Forever", "Valid", IF(L43="", "Not Trained", IF(L43 < TODAY() - 1, "Expired", IF(L43 <= TODAY() + 90, "Expiring", "Valid") ) ) ) -> Valid | N43: 46557 | O43: =IF( _xlfn.XLOOKUP($D43 & "-" & N$2, TrainingMan!$G:$G, TrainingMan!$F:$F, "2-Year") = "Forever", "Valid", IF(N43="", "Not Trained", IF(N43 < TODAY() - 1, "Expired", IF(N43 <= TODAY() + 90, "Expiring", "Valid") ) ) ) -> Valid | P43: 46557 | Q43: =IF( _xlfn.XLOOKUP($D43 & "-" & P$2, TrainingMan!$G:$G, TrainingMan!$F:$F, "2-Year") = "Forever", "Valid", IF(P43="", "Not Trained", IF(P43 < TODAY() - 1, "Expired", IF(P43 <= TODAY() + 90, "Expiring", "Valid") ) ) ) -> Valid | R43: 46557 | S43: =IF( _xlfn.XLOOKUP($D43 & "-" & R$2, TrainingMan!$G:$G, TrainingMan!$F:$F, "2-Year") = "Forever", "Valid", IF(R43="", "Not Trained", IF(R43 < TODAY() - 1, "Expired", IF(R43 <= TODAY() + 90, "Expiring", "Valid") ) ) ) -> Valid | T43: 46557 | U43: =IF( _xlfn.XLOOKUP($D43 & "-" & T$2, TrainingMan!$G:$G, TrainingMan!$F:$F, "2-Year") = "Forever", "Valid", IF(T43="", "Not Trained", IF(T43 < TODAY() - 1, "Expired", IF(T43 <= TODAY() + 90, "Expiring", "Valid") ) ) ) -> Valid | V43: 46557 | W43: =IF( _xlfn.XLOOKUP($D43 & "-" & V$2, TrainingMan!$G:$G, TrainingMan!$F:$F, "2-Year") = "Forever", "Valid", IF(V43="", "Not Trained", IF(V43 < TODAY() - 1, "Expired", IF(V43 <= TODAY() + 90, "Expiring", "Valid") ) ) ) -> Valid | X43: 46557 | Y43: =IF( _xlfn.XLOOKUP($D43 & "-" & X$2, TrainingMan!$G:$G, TrainingMan!$F:$F, "2-Year") = "Forever", "Valid", IF(X43="", "Not Trained", IF(X43 < TODAY() - 1, "Expired", IF(X43 <= TODAY() + 90, "Expiring", "Valid") ) ) ) -> Valid | Z43: 44948 | AA43: =IF(LEN(TRIM(Z43)) = 0, "Not Trained", IF(_xlfn.XLOOKUP($D43 & "-" & Z$2, TrainingMan!$G:$G, TrainingMan!$F:$F, "2-Year") = "Forever", "Valid", IF(Z43 < TODAY() - 1, "Expired", IF(Z43 <= TODAY() + 90, "Expiring", "Valid") ) ) ) -> Valid | AB43: 43688 | AC43: 43779 | AD43: 45702 | AF43: 45464 | BB43: 45761 | BC43: 2019-12-12 | BD43: 2013-08-26 | BE43: 41513 | BI43: 45337 | BJ43: A330 | BM43: 2021-01-21 | BQ43: =COUNTIF('TrainingReq (Ach)'!B:B,Table13[[#This Row],[Job Title]]) -> 13 | BR43: {=SUMPRODUCT( COUNTIFS( ValidityMatrix[Job Title], Table13[[#This Row],[Job Title]], ValidityMatrix[Training Type], Table13[[#Headers],[Human Factor]:[Mandatory for Supporting]] ), --(Table13[[#This Row],[Human Factor]:[Mandatory for Supporting]]<>""), --(Table13[[#This Row],[Human Factor]:[Mandatory for Supporting]]<>"Not Trained") )} -> 13 | BS43: =BR43/BQ43 -> 1 | BT43: 92.31% | BU43: DIRECT | BV43: C1 C2 C4 | BW43: A330 | BZ43: 12225 | CC43: I.E12225 | CD43: 46955 | CE43: =IF( _xlfn.XLOOKUP($D43 & "-" & CD$2, 'TrainingReq (Ach)'!$G:$G, 'TrainingReq (Ach)'!$F:$F, "2-Year") = "Forever", "Valid", IF(CD43="", "Not Trained", IF(CD43 < TODAY() - 1, "Expired", IF(CD43 <= TODAY() + 90, "Expiring", "Valid") ) ) ) -> Valid | CF43: A null | CG43: 54308 | CH43: =IF( _xlfn.XLOOKUP($D42 & "-" & CG$2, 'TrainingReq (Ach)'!$G:$G, 'TrainingReq (Ach)'!$F:$F, "2-Year") = "Forever", "Valid", IF(CG42="", "Not Trained", IF(CG42 < TODAY() - 1, "Expired", IF(CG42 <= TODAY() + 90, "Expiring", "Valid") ) ) ) -> Not Trained | CI43: =IF(BW43<>"","Eligible","Not eligible") -> Eligible | CJ43: =IF(BX43<>"","Eligible","Not eligible") -> Not eligible
A44: 42 | B44: 581567 | C44: YANA SUPRIATNA | D44: SENIOR AIRCRAFT CABIN TECHNICIAN | E44: p423 | F44: JKTTLF-3 | G44: JKTTNL-3 | H44: 46794 | I44: =IF( _xlfn.XLOOKUP($D44 & "-" & H$2, 'TrainingReq (Ach)'!G:G, 'TrainingReq (Ach)'!F:F, "2-Year") = "Forever", "Valid", IF(H44="", "Not Trained", IF(H44 < TODAY() - 1, "Expired", IF(H44 <= TODAY() + 90, "Expiring", "Valid") ) ) ) -> Valid | J44: 46794 | K44: =IF( _xlfn.XLOOKUP($D44 & "-" & J$2, 'TrainingReq (Ach)'!G:G, 'TrainingReq (Ach)'!F:F, "2-Year") = "Forever", "Valid", IF(J44="", "Not Trained", IF(J44 < TODAY() - 1, "Expired", IF(J44 <= TODAY() + 90, "Expiring", "Valid") ) ) ) -> Valid | L44: 46834 | M44: =IF( _xlfn.XLOOKUP($D44 & "-" & L$2, TrainingMan!$G:$G, TrainingMan!$F:$F, "2-Year") = "Forever", "Valid", IF(L44="", "Not Trained", IF(L44 < TODAY() - 1, "Expired", IF(L44 <= TODAY() + 90, "Expiring", "Valid") ) ) ) -> Valid | N44: 46834 | O44: =IF( _xlfn.XLOOKUP($D44 & "-" & N$2, TrainingMan!$G:$G, TrainingMan!$F:$F, "2-Year") = "Forever", "Valid", IF(N44="", "Not Trained", IF(N44 < TODAY() - 1, "Expired", IF(N44 <= TODAY() + 90, "Expiring", "Valid") ) ) ) -> Valid | P44: 46834 | Q44: =IF( _xlfn.XLOOKUP($D44 & "-" & P$2, TrainingMan!$G:$G, TrainingMan!$F:$F, "2-Year") = "Forever", "Valid", IF(P44="", "Not Trained", IF(P44 < TODAY() - 1, "Expired", IF(P44 <= TODAY() + 90, "Expiring", "Valid") ) ) ) -> Valid | R44: 46834 | S44: =IF( _xlfn.XLOOKUP($D44 & "-" & R$2, TrainingMan!$G:$G, TrainingMan!$F:$F, "2-Year") = "Forever", "Valid", IF(R44="", "Not Trained", IF(R44 < TODAY() - 1, "Expired", IF(R44 <= TODAY() + 90, "Expiring", "Valid") ) ) ) -> Valid | T44: 46834 | U44: =IF( _xlfn.XLOOKUP($D44 & "-" & T$2, TrainingMan!$G:$G, TrainingMan!$F:$F, "2-Year") = "Forever", "Valid", IF(T44="", "Not Trained", IF(T44 < TODAY() - 1, "Expired", IF(T44 <= TODAY() + 90, "Expiring", "Valid") ) ) ) -> Valid | V44: 46834 | W44: =IF( _xlfn.XLOOKUP($D44 & "-" & V$2, TrainingMan!$G:$G, TrainingMan!$F:$F, "2-Year") = "Forever", "Valid", IF(V44="", "Not Trained", IF(V44 < TODAY() - 1, "Expired", IF(V44 <= TODAY() + 90, "Expiring", "Valid") ) ) ) -> Valid | X44: 46834 | Y44: =IF( _xlfn.XLOOKUP($D44 & "-" & X$2, TrainingMan!$G:$G, TrainingMan!$F:$F, "2-Year") = "Forever", "Valid", IF(X44="", "Not Trained", IF(X44 < TODAY() - 1, "Expired", IF(X44 <= TODAY() + 90, "Expiring", "Valid") ) ) ) -> Valid | Z44: 45431 | AA44: =IF(LEN(TRIM(Z44)) = 0, "Not Trained", IF(_xlfn.XLOOKUP($D44 & "-" & Z$2, TrainingMan!$G:$G, TrainingMan!$F:$F, "2-Year") = "Forever", "Valid", IF(Z44 < TODAY() - 1, "Expired", IF(Z44 <= TODAY() + 90, "Expiring", "Valid") ) ) ) -> Valid | AB44: 43303 | AC44: 43842 | AD44: 45303 | AF44: 44665 | BC44: 2020-03-18 | BD44: 2017-08-10 | BG44: 43487 | BI44: 44753 | BJ44: A320 | BQ44: =COUNTIF('TrainingReq (Ach)'!B:B,Table13[[#This Row],[Job Title]]) -> 13 | BR44: {=SUMPRODUCT( COUNTIFS( ValidityMatrix[Job Title], Table13[[#This Row],[Job Title]], ValidityMatrix[Training Type], Table13[[#Headers],[Human Factor]:[Mandatory for Supporting]] ), --(Table13[[#This Row],[Human Factor]:[Mandatory for Supporting]]<>""), --(Table13[[#This Row],[Human Factor]:[Mandatory for Supporting]]<>"Not Trained") )} -> 12 | BS44: =BR44/BQ44 -> 0.92307692 | BT44: 92.31% | BU44: DIRECT | BV44: A1 A4 | CC44: M.581567 | CE44: =IF( _xlfn.XLOOKUP($D44 & "-" & CD$2, 'TrainingReq (Ach)'!$G:$G, 'TrainingReq (Ach)'!$F:$F, "2-Year") = "Forever", "Valid", IF(CD44="", "Not Trained", IF(CD44 < TODAY() - 1, "Expired", IF(CD44 <= TODAY() + 90, "Expiring", "Valid") ) ) ) -> Not Trained | CF44: A null | CG44: 53567 | CH44: =IF( _xlfn.XLOOKUP($D43 & "-" & CG$2, 'TrainingReq (Ach)'!$G:$G, 'TrainingReq (Ach)'!$F:$F, "2-Year") = "Forever", "Valid", IF(CG43="", "Not Trained", IF(CG43 < TODAY() - 1, "Expired", IF(CG43 <= TODAY() + 90, "Expiring", "Valid") ) ) ) -> Valid | CI44: =IF(BW44<>"","Eligible","Not eligible") -> Not eligible | CJ44: =IF(BX44<>"","Eligible","Not eligible") -> Not eligible
A45: 43 | B45: 582681 | C45: DHIRGANTARA FAJRINIO | D45: SENIOR AIRCRAFT MAINTENANCE TECHNICIAN | E45: p422 | F45: JKTTLF-3 | G45: JKTTNL-3 | H45: 46506 | I45: =IF( _xlfn.XLOOKUP($D45 & "-" & H$2, 'TrainingReq (Ach)'!G:G, 'TrainingReq (Ach)'!F:F, "2-Year") = "Forever", "Valid", IF(H45="", "Not Trained", IF(H45 < TODAY() - 1, "Expired", IF(H45 <= TODAY() + 90, "Expiring", "Valid") ) ) ) -> Valid | J45: 46506 | K45: =IF( _xlfn.XLOOKUP($D45 & "-" & J$2, 'TrainingReq (Ach)'!G:G, 'TrainingReq (Ach)'!F:F, "2-Year") = "Forever", "Valid", IF(J45="", "Not Trained", IF(J45 < TODAY() - 1, "Expired", IF(J45 <= TODAY() + 90, "Expiring", "Valid") ) ) ) -> Valid | L45: 46834 | M45: =IF( _xlfn.XLOOKUP($D45 & "-" & L$2, TrainingMan!$G:$G, TrainingMan!$F:$F, "2-Year") = "Forever", "Valid", IF(L45="", "Not Trained", IF(L45 < TODAY() - 1, "Expired", IF(L45 <= TODAY() + 90, "Expiring", "Valid") ) ) ) -> Valid | N45: 46834 | O45: =IF( _xlfn.XLOOKUP($D45 & "-" & N$2, TrainingMan!$G:$G, TrainingMan!$F:$F, "2-Year") = "Forever", "Valid", IF(N45="", "Not Trained", IF(N45 < TODAY() - 1, "Expired", IF(N45 <= TODAY() + 90, "Expiring", "Valid") ) ) ) -> Valid | P45: 46834 | Q45: =IF( _xlfn.XLOOKUP($D45 & "-" & P$2, TrainingMan!$G:$G, TrainingMan!$F:$F, "2-Year") = "Forever", "Valid", IF(P45="", "Not Trained", IF(P45 < TODAY() - 1, "Expired", IF(P45 <= TODAY() + 90, "Expiring", "Valid") ) ) ) -> Valid | R45: 46834 | S45: =IF( _xlfn.XLOOKUP($D45 & "-" & R$2, TrainingMan!$G:$G, TrainingMan!$F:$F, "2-Year") = "Forever", "Valid", IF(R45="", "Not Trained", IF(R45 < TODAY() - 1, "Expired", IF(R45 <= TODAY() + 90, "Expiring", "Valid") ) ) ) -> Valid | T45: 46834 | U45: =IF( _xlfn.XLOOKUP($D45 & "-" & T$2, TrainingMan!$G:$G, TrainingMan!$F:$F, "2-Year") = "Forever", "Valid", IF(T45="", "Not Trained", IF(T45 < TODAY() - 1, "Expired", IF(T45 <= TODAY() + 90, "Expiring", "Valid") ) ) ) -> Valid | V45: 46834 | W45: =IF( _xlfn.XLOOKUP($D45 & "-" & V$2, TrainingMan!$G:$G, TrainingMan!$F:$F, "2-Year") = "Forever", "Valid", IF(V45="", "Not Trained", IF(V45 < TODAY() - 1, "Expired", IF(V45 <= TODAY() + 90, "Expiring", "Valid") ) ) ) -> Valid | X45: 46834 | Y45: =IF( _xlfn.XLOOKUP($D45 & "-" & X$2, TrainingMan!$G:$G, TrainingMan!$F:$F, "2-Year") = "Forever", "Valid", IF(X45="", "Not Trained", IF(X45 < TODAY() - 1, "Expired", IF(X45 <= TODAY() + 90, "Expiring", "Valid") ) ) ) -> Valid | Z45: 45494 | AA45: =IF(LEN(TRIM(Z45)) = 0, "Not Trained", IF(_xlfn.XLOOKUP($D45 & "-" & Z$2, TrainingMan!$G:$G, TrainingMan!$F:$F, "2-Year") = "Forever", "Valid", IF(Z45 < TODAY() - 1, "Expired", IF(Z45 <= TODAY() + 90, "Expiring", "Valid") ) ) ) -> Valid | AB45: 44310 | AC45: 44165 | AD45: 44617 | AE45: 44945 | AF45: 45156 | BC45: 2022-01-19 | BD45: 2018-02-15 | BI45: 44125 | BJ45: B737 | BK45: B777 | BQ45: =COUNTIF('TrainingReq (Ach)'!B:B,Table13[[#This Row],[Job Title]]) -> 15 | BR45: {=SUMPRODUCT( COUNTIFS( ValidityMatrix[Job Title], Table13[[#This Row],[Job Title]], ValidityMatrix[Training Type], Table13[[#Headers],[Human Factor]:[Mandatory for Supporting]] ), --(Table13[[#This Row],[Human Factor]:[Mandatory for Supporting]]<>""), --(Table13[[#This Row],[Human Factor]:[Mandatory for Supporting]]<>"Not Trained") )} -> 14 | BS45: =BR45/BQ45 -> 0.93333333 | BT45: 92.31% | BU45: DIRECT | BV45: C1 C2 C4 | BW45: B737 | BX45: B777 | BZ45: 15162 | CA45: 2 | CC45: I.E15162 | CD45: 46938 | CE45: =IF( _xlfn.XLOOKUP($D45 & "-" & CD$2, 'TrainingReq (Ach)'!$G:$G, 'TrainingReq (Ach)'!$F:$F, "2-Year") = "Forever", "Valid", IF(CD45="", "Not Trained", IF(CD45 < TODAY() - 1, "Expired", IF(CD45 <= TODAY() + 90, "Expiring", "Valid") ) ) ) -> Valid | CF45: A null | CG45: 56009 | CH45: =IF( _xlfn.XLOOKUP($D44 & "-" & CG$2, 'TrainingReq (Ach)'!$G:$G, 'TrainingReq (Ach)'!$F:$F, "2-Year") = "Forever", "Valid", IF(CG44="", "Not Trained", IF(CG44 < TODAY() - 1, "Expired", IF(CG44 <= TODAY() + 90, "Expiring", "Valid") ) ) ) -> Valid | CI45: =IF(BW45<>"","Eligible","Not eligible") -> Eligible | CJ45: =IF(BX45<>"","Eligible","Not eligible") -> Eligible
A46: 44 | B46: 583741 | C46: M FIKRI ADRIAN | D46: SENIOR AIRCRAFT MAINTENANCE TECHNICIAN | E46: p422 | F46: JKTTLF-3 | G46: JKTTNL-3 | H46: 46563 | I46: =IF( _xlfn.XLOOKUP($D46 & "-" & H$2, 'TrainingReq (Ach)'!G:G, 'TrainingReq (Ach)'!F:F, "2-Year") = "Forever", "Valid", IF(H46="", "Not Trained", IF(H46 < TODAY() - 1, "Expired", IF(H46 <= TODAY() + 90, "Expiring", "Valid") ) ) ) -> Valid | J46: 46563 | K46: =IF( _xlfn.XLOOKUP($D46 & "-" & J$2, 'TrainingReq (Ach)'!G:G, 'TrainingReq (Ach)'!F:F, "2-Year") = "Forever", "Valid", IF(J46="", "Not Trained", IF(J46 < TODAY() - 1, "Expired", IF(J46 <= TODAY() + 90, "Expiring", "Valid") ) ) ) -> Valid | L46: 46547 | M46: =IF( _xlfn.XLOOKUP($D46 & "-" & L$2, TrainingMan!$G:$G, TrainingMan!$F:$F, "2-Year") = "Forever", "Valid", IF(L46="", "Not Trained", IF(L46 < TODAY() - 1, "Expired", IF(L46 <= TODAY() + 90, "Expiring", "Valid") ) ) ) -> Valid | N46: 46547 | O46: =IF( _xlfn.XLOOKUP($D46 & "-" & N$2, TrainingMan!$G:$G, TrainingMan!$F:$F, "2-Year") = "Forever", "Valid", IF(N46="", "Not Trained", IF(N46 < TODAY() - 1, "Expired", IF(N46 <= TODAY() + 90, "Expiring", "Valid") ) ) ) -> Valid | P46: 46547 | Q46: =IF( _xlfn.XLOOKUP($D46 & "-" & P$2, TrainingMan!$G:$G, TrainingMan!$F:$F, "2-Year") = "Forever", "Valid", IF(P46="", "Not Trained", IF(P46 < TODAY() - 1, "Expired", IF(P46 <= TODAY() + 90, "Expiring", "Valid") ) ) ) -> Valid | R46: 46547 | S46: =IF( _xlfn.XLOOKUP($D46 & "-" & R$2, TrainingMan!$G:$G, TrainingMan!$F:$F, "2-Year") = "Forever", "Valid", IF(R46="", "Not Trained", IF(R46 < TODAY() - 1, "Expired", IF(R46 <= TODAY() + 90, "Expiring", "Valid") ) ) ) -> Valid | T46: 46547 | U46: =IF( _xlfn.XLOOKUP($D46 & "-" & T$2, TrainingMan!$G:$G, TrainingMan!$F:$F, "2-Year") = "Forever", "Valid", IF(T46="", "Not Trained", IF(T46 < TODAY() - 1, "Expired", IF(T46 <= TODAY() + 90, "Expiring", "Valid") ) ) ) -> Valid | V46: 46547 | W46: =IF( _xlfn.XLOOKUP($D46 & "-" & V$2, TrainingMan!$G:$G, TrainingMan!$F:$F, "2-Year") = "Forever", "Valid", IF(V46="", "Not Trained", IF(V46 < TODAY() - 1, "Expired", IF(V46 <= TODAY() + 90, "Expiring", "Valid") ) ) ) -> Valid | X46: 46547 | Y46: =IF( _xlfn.XLOOKUP($D46 & "-" & X$2, TrainingMan!$G:$G, TrainingMan!$F:$F, "2-Year") = "Forever", "Valid", IF(X46="", "Not Trained", IF(X46 < TODAY() - 1, "Expired", IF(X46 <= TODAY() + 90, "Expiring", "Valid") ) ) ) -> Valid | Z46: 45304 | AA46: =IF(LEN(TRIM(Z46)) = 0, "Not Trained", IF(_xlfn.XLOOKUP($D46 & "-" & Z$2, TrainingMan!$G:$G, TrainingMan!$F:$F, "2-Year") = "Forever", "Valid", IF(Z46 < TODAY() - 1, "Expired", IF(Z46 <= TODAY() + 90, "Expiring", "Valid") ) ) ) -> Valid | AB46: 45500 | AC46: 45996 | AD46: 45999 | BB46: 45818 | BC46: 2022-11-09 | BD46: 2021-09-29 | BF46: 42996 | BI46: 45159 | BJ46: B737 | BQ46: =COUNTIF('TrainingReq (Ach)'!B:B,Table13[[#This Row],[Job Title]]) -> 15 | BR46: {=SUMPRODUCT( COUNTIFS( ValidityMatrix[Job Title], Table13[[#This Row],[Job Title]], ValidityMatrix[Training Type], Table13[[#Headers],[Human Factor]:[Mandatory for Supporting]] ), --(Table13[[#This Row],[Human Factor]:[Mandatory for Supporting]]<>""), --(Table13[[#This Row],[Human Factor]:[Mandatory for Supporting]]<>"Not Trained") )} -> 15 | BS46: =BR46/BQ46 -> 1 | BT46: 92.31% | BU46: DIRECT | BW46: B737 | BZ46: 13884 | CA46: 1 | CC46: I.A13884 | CE46: =IF( _xlfn.XLOOKUP($D46 & "-" & CD$2, 'TrainingReq (Ach)'!$G:$G, 'TrainingReq (Ach)'!$F:$F, "2-Year") = "Forever", "Valid", IF(CD46="", "Not Trained", IF(CD46 < TODAY() - 1, "Expired", IF(CD46 <= TODAY() + 90, "Expiring", "Valid") ) ) ) -> Not Trained | CF46: A null | CG46: 56969 | CH46: =IF( _xlfn.XLOOKUP($D45 & "-" & CG$2, 'TrainingReq (Ach)'!$G:$G, 'TrainingReq (Ach)'!$F:$F, "2-Year") = "Forever", "Valid", IF(CG45="", "Not Trained", IF(CG45 < TODAY() - 1, "Expired", IF(CG45 <= TODAY() + 90, "Expiring", "Valid") ) ) ) -> Valid | CI46: =IF(BW46<>"","Eligible","Not eligible") -> Eligible | CJ46: =IF(BX46<>"","Eligible","Not eligible") -> Not eligible
A47: 45 | B47: 581711 | C47: JAMALLULLAEL NILAI BASTANTA BONANI PASOGIT | D47: AIRCRAFT CABIN ENGINEER | E47: p414 | F47: JKTTLF-3 | G47: JKTTNL-3 | H47: 46584 | I47: =IF( _xlfn.XLOOKUP($D47 & "-" & H$2, 'TrainingReq (Ach)'!G:G, 'TrainingReq (Ach)'!F:F, "2-Year") = "Forever", "Valid", IF(H47="", "Not Trained", IF(H47 < TODAY() - 1, "Expired", IF(H47 <= TODAY() + 90, "Expiring", "Valid") ) ) ) -> Valid | J47: 46584 | K47: =IF( _xlfn.XLOOKUP($D47 & "-" & J$2, 'TrainingReq (Ach)'!G:G, 'TrainingReq (Ach)'!F:F, "2-Year") = "Forever", "Valid", IF(J47="", "Not Trained", IF(J47 < TODAY() - 1, "Expired", IF(J47 <= TODAY() + 90, "Expiring", "Valid") ) ) ) -> Valid | L47: 46233 | M47: =IF( _xlfn.XLOOKUP($D47 & "-" & L$2, TrainingMan!$G:$G, TrainingMan!$F:$F, "2-Year") = "Forever", "Valid", IF(L47="", "Not Trained", IF(L47 < TODAY() - 1, "Expired", IF(L47 <= TODAY() + 90, "Expiring", "Valid") ) ) ) -> Expired | N47: 46233 | O47: =IF( _xlfn.XLOOKUP($D47 & "-" & N$2, TrainingMan!$G:$G, TrainingMan!$F:$F, "2-Year") = "Forever", "Valid", IF(N47="", "Not Trained", IF(N47 < TODAY() - 1, "Expired", IF(N47 <= TODAY() + 90, "Expiring", "Valid") ) ) ) -> Expired | P47: 46233 | Q47: =IF( _xlfn.XLOOKUP($D47 & "-" & P$2, TrainingMan!$G:$G, TrainingMan!$F:$F, "2-Year") = "Forever", "Valid", IF(P47="", "Not Trained", IF(P47 < TODAY() - 1, "Expired", IF(P47 <= TODAY() + 90, "Expiring", "Valid") ) ) ) -> Expired | R47: 46233 | S47: =IF( _xlfn.XLOOKUP($D47 & "-" & R$2, TrainingMan!$G:$G, TrainingMan!$F:$F, "2-Year") = "Forever", "Valid", IF(R47="", "Not Trained", IF(R47 < TODAY() - 1, "Expired", IF(R47 <= TODAY() + 90, "Expiring", "Valid") ) ) ) -> Expired | T47: 46233 | U47: =IF( _xlfn.XLOOKUP($D47 & "-" & T$2, TrainingMan!$G:$G, TrainingMan!$F:$F, "2-Year") = "Forever", "Valid", IF(T47="", "Not Trained", IF(T47 < TODAY() - 1, "Expired", IF(T47 <= TODAY() + 90, "Expiring", "Valid") ) ) ) -> Expired | V47: 46233 | W47: =IF( _xlfn.XLOOKUP($D47 & "-" & V$2, TrainingMan!$G:$G, TrainingMan!$F:$F, "2-Year") = "Forever", "Valid", IF(V47="", "Not Trained", IF(V47 < TODAY() - 1, "Expired", IF(V47 <= TODAY() + 90, "Expiring", "Valid") ) ) ) -> Expired | X47: 46542 | Y47: =IF( _xlfn.XLOOKUP($D47 & "-" & X$2, TrainingMan!$G:$G, TrainingMan!$F:$F, "2-Year") = "Forever", "Valid", IF(X47="", "Not Trained", IF(X47 < TODAY() - 1, "Expired", IF(X47 <= TODAY() + 90, "Expiring", "Valid") ) ) ) -> Valid | Z47: 44609 | AA47: =IF(LEN(TRIM(Z47)) = 0, "Not Trained", IF(_xlfn.XLOOKUP($D47 & "-" & Z$2, TrainingMan!$G:$G, TrainingMan!$F:$F, "2-Year") = "Forever", "Valid", IF(Z47 < TODAY() - 1, "Expired", IF(Z47 <= TODAY() + 90, "Expiring", "Valid") ) ) ) -> Valid | AB47: 42550 | AC47: 43247 | AD47: 43562 | AE47: 45914 | AF47: 45948 | BC47: 2022-03-10 | BD47: 2016-07-21 | BI47: 43005 | BJ47: A320 | BK47: A320 Neo | BQ47: =COUNTIF('TrainingReq (Ach)'!B:B,Table13[[#This Row],[Job Title]]) -> 15 | BR47: {=SUMPRODUCT( COUNTIFS( ValidityMatrix[Job Title], Table13[[#This Row],[Job Title]], ValidityMatrix[Training Type], Table13[[#Headers],[Human Factor]:[Mandatory for Supporting]] ), --(Table13[[#This Row],[Human Factor]:[Mandatory for Supporting]]<>""), --(Table13[[#This Row],[Human Factor]:[Mandatory for Supporting]]<>"Not Trained") )} -> 14 | BS47: =BR47/BQ47 -> 0.93333333 | BT47: 93.33% | BU47: DIRECT | BV47: A1 A3 A4 | BW47: A320 | BX47: A320 Neo | BZ47: 10414 | CA47: 2 | CC47: M.581711 | CD47: 47006 | CE47: =IF( _xlfn.XLOOKUP($D47 & "-" & CD$2, 'TrainingReq (Ach)'!$G:$G, 'TrainingReq (Ach)'!$F:$F, "2-Year") = "Forever", "Valid", IF(CD47="", "Not Trained", IF(CD47 < TODAY() - 1, "Expired", IF(CD47 <= TODAY() + 90, "Expiring", "Valid") ) ) ) -> Valid | CF47: A null | CG47: 55005 | CH47: =IF( _xlfn.XLOOKUP($D46 & "-" & CG$2, 'TrainingReq (Ach)'!$G:$G, 'TrainingReq (Ach)'!$F:$F, "2-Year") = "Forever", "Valid", IF(CG46="", "Not Trained", IF(CG46 < TODAY() - 1, "Expired", IF(CG46 <= TODAY() + 90, "Expiring", "Valid") ) ) ) -> Valid | CI47: =IF(BW47<>"","Eligible","Not eligible") -> Eligible | CJ47: =IF(BX47<>"","Eligible","Not eligible") -> Eligible
A48: 46 | B48: 582594 | C48: GENTA PRAMUDITA | D48: SENIOR AIRCRAFT MAINTENANCE TECHNICIAN | E48: p422 | F48: JKTTLF-3 | G48: JKTTNL-3 | H48: 46763 | I48: =IF( _xlfn.XLOOKUP($D48 & "-" & H$2, 'TrainingReq (Ach)'!G:G, 'TrainingReq (Ach)'!F:F, "2-Year") = "Forever", "Valid", IF(H48="", "Not Trained", IF(H48 < TODAY() - 1, "Expired", IF(H48 <= TODAY() + 90, "Expiring", "Valid") ) ) ) -> Valid | J48: 46763 | K48: =IF( _xlfn.XLOOKUP($D48 & "-" & J$2, 'TrainingReq (Ach)'!G:G, 'TrainingReq (Ach)'!F:F, "2-Year") = "Forever", "Valid", IF(J48="", "Not Trained", IF(J48 < TODAY() - 1, "Expired", IF(J48 <= TODAY() + 90, "Expiring", "Valid") ) ) ) -> Valid | L48: 46363 | M48: =IF( _xlfn.XLOOKUP($D48 & "-" & L$2, TrainingMan!$G:$G, TrainingMan!$F:$F, "2-Year") = "Forever", "Valid", IF(L48="", "Not Trained", IF(L48 < TODAY() - 1, "Expired", IF(L48 <= TODAY() + 90, "Expiring", "Valid") ) ) ) -> Valid | N48: 46545 | O48: =IF( _xlfn.XLOOKUP($D48 & "-" & N$2, TrainingMan!$G:$G, TrainingMan!$F:$F, "2-Year") = "Forever", "Valid", IF(N48="", "Not Trained", IF(N48 < TODAY() - 1, "Expired", IF(N48 <= TODAY() + 90, "Expiring", "Valid") ) ) ) -> Valid | P48: 46545 | Q48: =IF( _xlfn.XLOOKUP($D48 & "-" & P$2, TrainingMan!$G:$G, TrainingMan!$F:$F, "2-Year") = "Forever", "Valid", IF(P48="", "Not Trained", IF(P48 < TODAY() - 1, "Expired", IF(P48 <= TODAY() + 90, "Expiring", "Valid") ) ) ) -> Valid | R48: 46545 | S48: =IF( _xlfn.XLOOKUP($D48 & "-" & R$2, TrainingMan!$G:$G, TrainingMan!$F:$F, "2-Year") = "Forever", "Valid", IF(R48="", "Not Trained", IF(R48 < TODAY() - 1, "Expired", IF(R48 <= TODAY() + 90, "Expiring", "Valid") ) ) ) -> Valid | T48: 46545 | U48: =IF( _xlfn.XLOOKUP($D48 & "-" & T$2, TrainingMan!$G:$G, TrainingMan!$F:$F, "2-Year") = "Forever", "Valid", IF(T48="", "Not Trained", IF(T48 < TODAY() - 1, "Expired", IF(T48 <= TODAY() + 90, "Expiring", "Valid") ) ) ) -> Valid | V48: 46848 | W48: =IF( _xlfn.XLOOKUP($D48 & "-" & V$2, TrainingMan!$G:$G, TrainingMan!$F:$F, "2-Year") = "Forever", "Valid", IF(V48="", "Not Trained", IF(V48 < TODAY() - 1, "Expired", IF(V48 <= TODAY() + 90, "Expiring", "Valid") ) ) ) -> Valid | X48: 46848 | Y48: =IF( _xlfn.XLOOKUP($D48 & "-" & X$2, TrainingMan!$G:$G, TrainingMan!$F:$F, "2-Year") = "Forever", "Valid", IF(X48="", "Not Trained", IF(X48 < TODAY() - 1, "Expired", IF(X48 <= TODAY() + 90, "Expiring", "Valid") ) ) ) -> Valid | Z48: 45405 | AA48: =IF(LEN(TRIM(Z48)) = 0, "Not Trained", IF(_xlfn.XLOOKUP($D48 & "-" & Z$2, TrainingMan!$G:$G, TrainingMan!$F:$F, "2-Year") = "Forever", "Valid", IF(Z48 < TODAY() - 1, "Expired", IF(Z48 <= TODAY() + 90, "Expiring", "Valid") ) ) ) -> Valid | AB48: 43889 | AC48: 45429 | AD48: 44736 | AF48: 45455 | BC48: 2018-11-09 | BD48: 2017-10-11 | BI48: 45548 | BJ48: A330 | BQ48: =COUNTIF('TrainingReq (Ach)'!B:B,Table13[[#This Row],[Job Title]]) -> 15 | BR48: {=SUMPRODUCT( COUNTIFS( ValidityMatrix[Job Title], Table13[[#This Row],[Job Title]], ValidityMatrix[Training Type], Table13[[#Headers],[Human Factor]:[Mandatory for Supporting]] ), --(Table13[[#This Row],[Human Factor]:[Mandatory for Supporting]]<>""), --(Table13[[#This Row],[Human Factor]:[Mandatory for Supporting]]<>"Not Trained") )} -> 14 | BS48: =BR48/BQ48 -> 0.93333333 | BT48: 92.31% | BU48: DIRECT | BV48: A1 A3 A4 | CC48: M.582594 | CE48: =IF( _xlfn.XLOOKUP($D48 & "-" & CD$2, 'TrainingReq (Ach)'!$G:$G, 'TrainingReq (Ach)'!$F:$F, "2-Year") = "Forever", "Valid", IF(CD48="", "Not Trained", IF(CD48 < TODAY() - 1, "Expired", IF(CD48 <= TODAY() + 90, "Expiring", "Valid") ) ) ) -> Not Trained | CF48: A null | CG48: 55476 | CH48: =IF( _xlfn.XLOOKUP($D47 & "-" & CG$2, 'TrainingReq (Ach)'!$G:$G, 'TrainingReq (Ach)'!$F:$F, "2-Year") = "Forever", "Valid", IF(CG47="", "Not Trained", IF(CG47 < TODAY() - 1, "Expired", IF(CG47 <= TODAY() + 90, "Expiring", "Valid") ) ) ) -> Valid | CI48: =IF(BW48<>"","Eligible","Not eligible") -> Not eligible | CJ48: =IF(BX48<>"","Eligible","Not eligible") -> Not eligible
A49: 47 | B49: 582115 | C49: ENGGAR DWI KUNCORO | D49: SENIOR AIRCRAFT MAINTENANCE TECHNICIAN | E49: p422 | F49: JKTTLF-3 | G49: JKTTNL-3 | H49: 46763 | I49: =IF( _xlfn.XLOOKUP($D49 & "-" & H$2, 'TrainingReq (Ach)'!G:G, 'TrainingReq (Ach)'!F:F, "2-Year") = "Forever", "Valid", IF(H49="", "Not Trained", IF(H49 < TODAY() - 1, "Expired", IF(H49 <= TODAY() + 90, "Expiring", "Valid") ) ) ) -> Valid | J49: 46763 | K49: =IF( _xlfn.XLOOKUP($D49 & "-" & J$2, 'TrainingReq (Ach)'!G:G, 'TrainingReq (Ach)'!F:F, "2-Year") = "Forever", "Valid", IF(J49="", "Not Trained", IF(J49 < TODAY() - 1, "Expired", IF(J49 <= TODAY() + 90, "Expiring", "Valid") ) ) ) -> Valid | L49: 46552 | M49: =IF( _xlfn.XLOOKUP($D49 & "-" & L$2, TrainingMan!$G:$G, TrainingMan!$F:$F, "2-Year") = "Forever", "Valid", IF(L49="", "Not Trained", IF(L49 < TODAY() - 1, "Expired", IF(L49 <= TODAY() + 90, "Expiring", "Valid") ) ) ) -> Valid | N49: 46769 | O49: =IF( _xlfn.XLOOKUP($D49 & "-" & N$2, TrainingMan!$G:$G, TrainingMan!$F:$F, "2-Year") = "Forever", "Valid", IF(N49="", "Not Trained", IF(N49 < TODAY() - 1, "Expired", IF(N49 <= TODAY() + 90, "Expiring", "Valid") ) ) ) -> Valid | P49: 46769 | Q49: =IF( _xlfn.XLOOKUP($D49 & "-" & P$2, TrainingMan!$G:$G, TrainingMan!$F:$F, "2-Year") = "Forever", "Valid", IF(P49="", "Not Trained", IF(P49 < TODAY() - 1, "Expired", IF(P49 <= TODAY() + 90, "Expiring", "Valid") ) ) ) -> Valid | R49: 46769 | S49: =IF( _xlfn.XLOOKUP($D49 & "-" & R$2, TrainingMan!$G:$G, TrainingMan!$F:$F, "2-Year") = "Forever", "Valid", IF(R49="", "Not Trained", IF(R49 < TODAY() - 1, "Expired", IF(R49 <= TODAY() + 90, "Expiring", "Valid") ) ) ) -> Valid | T49: 46769 | U49: =IF( _xlfn.XLOOKUP($D49 & "-" & T$2, TrainingMan!$G:$G, TrainingMan!$F:$F, "2-Year") = "Forever", "Valid", IF(T49="", "Not Trained", IF(T49 < TODAY() - 1, "Expired", IF(T49 <= TODAY() + 90, "Expiring", "Valid") ) ) ) -> Valid | V49: 46552 | W49: =IF( _xlfn.XLOOKUP($D49 & "-" & V$2, TrainingMan!$G:$G, TrainingMan!$F:$F, "2-Year") = "Forever", "Valid", IF(V49="", "Not Trained", IF(V49 < TODAY() - 1, "Expired", IF(V49 <= TODAY() + 90, "Expiring", "Valid") ) ) ) -> Valid | X49: 46575 | Y49: =IF( _xlfn.XLOOKUP($D49 & "-" & X$2, TrainingMan!$G:$G, TrainingMan!$F:$F, "2-Year") = "Forever", "Valid", IF(X49="", "Not Trained", IF(X49 < TODAY() - 1, "Expired", IF(X49 <= TODAY() + 90, "Expiring", "Valid") ) ) ) -> Valid | Z49: 45079 | AA49: =IF(LEN(TRIM(Z49)) = 0, "Not Trained", IF(_xlfn.XLOOKUP($D49 & "-" & Z$2, TrainingMan!$G:$G, TrainingMan!$F:$F, "2-Year") = "Forever", "Valid", IF(Z49 < TODAY() - 1, "Expired", IF(Z49 <= TODAY() + 90, "Expiring", "Valid") ) ) ) -> Valid | AB49: 43736 | AC49: 43856 | AD49: 43013 | AE49: 43902 | AF49: 45434 | BB49: 46071 | BC49: 2022-03-18 | BD49: 2024-06-11 | BI49: 43290 | BJ49: ATR | BK49: A330 | BQ49: =COUNTIF('TrainingReq (Ach)'!B:B,Table13[[#This Row],[Job Title]]) -> 15 | BR49: {=SUMPRODUCT( COUNTIFS( ValidityMatrix[Job Title], Table13[[#This Row],[Job Title]], ValidityMatrix[Training Type], Table13[[#Headers],[Human Factor]:[Mandatory for Supporting]] ), --(Table13[[#This Row],[Human Factor]:[Mandatory for Supporting]]<>""), --(Table13[[#This Row],[Human Factor]:[Mandatory for Supporting]]<>"Not Trained") )} -> 15 | BS49: =BR49/BQ49 -> 1 | BT49: 92.31% | BU49: DIRECT | BV49: A1 A3 A4 | BW49: ATR | BZ49: 10290 | CC49: M.582115 | CD49: 46778 | CE49: =IF( _xlfn.XLOOKUP($D49 & "-" & CD$2, 'TrainingReq (Ach)'!$G:$G, 'TrainingReq (Ach)'!$F:$F, "2-Year") = "Forever", "Valid", IF(CD49="", "Not Trained", IF(CD49 < TODAY() - 1, "Expired", IF(CD49 <= TODAY() + 90, "Expiring", "Valid") ) ) ) -> Valid | CF49: A null | CG49: 55500 | CH49: =IF( _xlfn.XLOOKUP($D48 & "-" & CG$2, 'TrainingReq (Ach)'!$G:$G, 'TrainingReq (Ach)'!$F:$F, "2-Year") = "Forever", "Valid", IF(CG48="", "Not Trained", IF(CG48 < TODAY() - 1, "Expired", IF(CG48 <= TODAY() + 90, "Expiring", "Valid") ) ) ) -> Valid | CI49: =IF(BW49<>"","Eligible","Not eligible") -> Eligible | CJ49: =IF(BX49<>"","Eligible","Not eligible") -> Not eligible
A50: 48 | B50: 533458 | C50: ADNAN KURNIAWAN | D50: Department Head | E50: p404 | F50: JKTTLF-3 | G50: JKTTNL-3 | H50: 46323 | I50: =IF( _xlfn.XLOOKUP($D50 & "-" & H$2, 'TrainingReq (Ach)'!G:G, 'TrainingReq (Ach)'!F:F, "2-Year") = "Forever", "Valid", IF(H50="", "Not Trained", IF(H50 < TODAY() - 1, "Expired", IF(H50 <= TODAY() + 90, "Expiring", "Valid") ) ) ) -> Expiring | J50: 46323 | K50: =IF( _xlfn.XLOOKUP($D50 & "-" & J$2, 'TrainingReq (Ach)'!G:G, 'TrainingReq (Ach)'!F:F, "2-Year") = "Forever", "Valid", IF(J50="", "Not Trained", IF(J50 < TODAY() - 1, "Expired", IF(J50 <= TODAY() + 90, "Expiring", "Valid") ) ) ) -> Expiring | L50: 45782 | M50: =IF( _xlfn.XLOOKUP($D50 & "-" & L$2, TrainingMan!$G:$G, TrainingMan!$F:$F, "2-Year") = "Forever", "Valid", IF(L50="", "Not Trained", IF(L50 < TODAY() - 1, "Expired", IF(L50 <= TODAY() + 90, "Expiring", "Valid") ) ) ) -> Valid | N50: 46302 | O50: =IF( _xlfn.XLOOKUP($D50 & "-" & N$2, TrainingMan!$G:$G, TrainingMan!$F:$F, "2-Year") = "Forever", "Valid", IF(N50="", "Not Trained", IF(N50 < TODAY() - 1, "Expired", IF(N50 <= TODAY() + 90, "Expiring", "Valid") ) ) ) -> Expiring | P50: 46302 | Q50: =IF( _xlfn.XLOOKUP($D50 & "-" & P$2, TrainingMan!$G:$G, TrainingMan!$F:$F, "2-Year") = "Forever", "Valid", IF(P50="", "Not Trained", IF(P50 < TODAY() - 1, "Expired", IF(P50 <= TODAY() + 90, "Expiring", "Valid") ) ) ) -> Expiring | R50: 46302 | S50: =IF( _xlfn.XLOOKUP($D50 & "-" & R$2, TrainingMan!$G:$G, TrainingMan!$F:$F, "2-Year") = "Forever", "Valid", IF(R50="", "Not Trained", IF(R50 < TODAY() - 1, "Expired", IF(R50 <= TODAY() + 90, "Expiring", "Valid") ) ) ) -> Expiring | T50: 46575 | U50: =IF( _xlfn.XLOOKUP($D50 & "-" & T$2, TrainingMan!$G:$G, TrainingMan!$F:$F, "2-Year") = "Forever", "Valid", IF(T50="", "Not Trained", IF(T50 < TODAY() - 1, "Expired", IF(T50 <= TODAY() + 90, "Expiring", "Valid") ) ) ) -> Valid | V50: 46575 | W50: =IF( _xlfn.XLOOKUP($D50 & "-" & V$2, TrainingMan!$G:$G, TrainingMan!$F:$F, "2-Year") = "Forever", "Valid", IF(V50="", "Not Trained", IF(V50 < TODAY() - 1, "Expired", IF(V50 <= TODAY() + 90, "Expiring", "Valid") ) ) ) -> Valid | X50: 46575 | Y50: =IF( _xlfn.XLOOKUP($D50 & "-" & X$2, TrainingMan!$G:$G, TrainingMan!$F:$F, "2-Year") = "Forever", "Valid", IF(X50="", "Not Trained", IF(X50 < TODAY() - 1, "Expired", IF(X50 <= TODAY() + 90, "Expiring", "Valid") ) ) ) -> Valid | Z50: 44324 | AA50: =IF(LEN(TRIM(Z50)) = 0, "Not Trained", IF(_xlfn.XLOOKUP($D50 & "-" & Z$2, TrainingMan!$G:$G, TrainingMan!$F:$F, "2-Year") = "Forever", "Valid", IF(Z50 < TODAY() - 1, "Expired", IF(Z50 <= TODAY() + 90, "Expiring", "Valid") ) ) ) -> Valid | AB50: 40851 | AC50: 42279 | AD50: 42837 | AE50: 44434 | AF50: 44601 | AP50: 45945 | AQ50: 46150 | AR50: 45836 | AS50: 46060 | BC50: 2012-01-11 | BD50: 2024-12-29 | BI50: 42842 | BJ50: B737 | BO50: 2023-11-28 | BQ50: =COUNTIF('TrainingReq (Ach)'!B:B,Table13[[#This Row],[Job Title]]) -> 14 | BR50: {=SUMPRODUCT( COUNTIFS( ValidityMatrix[Job Title], Table13[[#This Row],[Job Title]], ValidityMatrix[Training Type], Table13[[#Headers],[Human Factor]:[Mandatory for Supporting]] ), --(Table13[[#This Row],[Human Factor]:[Mandatory for Supporting]]<>""), --(Table13[[#This Row],[Human Factor]:[Mandatory for Supporting]]<>"Not Trained") )} -> 14 | BS50: =BR50/BQ50 -> 1 | BT50: 100.00% | BU50: INDIRECT | BV50: A1 A4 | BW50: B737 | BZ50: 8256 | CC50: I.A8256 | CD50: 47196 | CE50: =IF( _xlfn.XLOOKUP($D50 & "-" & CD$2, 'TrainingReq (Ach)'!$G:$G, 'TrainingReq (Ach)'!$F:$F, "2-Year") = "Forever", "Valid", IF(CD50="", "Not Trained", IF(CD50 < TODAY() - 1, "Expired", IF(CD50 <= TODAY() + 90, "Expiring", "Valid") ) ) ) -> Valid | CF50: A null | CG50: 53447 | CH50: =IF( _xlfn.XLOOKUP($D49 & "-" & CG$2, 'TrainingReq (Ach)'!$G:$G, 'TrainingReq (Ach)'!$F:$F, "2-Year") = "Forever", "Valid", IF(CG49="", "Not Trained", IF(CG49 < TODAY() - 1, "Expired", IF(CG49 <= TODAY() + 90, "Expiring", "Valid") ) ) ) -> Valid | CI50: =IF(BW50<>"","Eligible","Not eligible") -> Eligible | CJ50: =IF(BX50<>"","Eligible","Not eligible") -> Not eligible
A51: 49 | B51: 533502 | C51: RAHMAT RISKI | D51: AIRCRAFT CABIN ENGINEER | E51: p414 | F51: JKTTLF-3 | G51: JKTTNL-3 | H51: 46323 | I51: =IF( _xlfn.XLOOKUP($D51 & "-" & H$2, 'TrainingReq (Ach)'!G:G, 'TrainingReq (Ach)'!F:F, "2-Year") = "Forever", "Valid", IF(H51="", "Not Trained", IF(H51 < TODAY() - 1, "Expired", IF(H51 <= TODAY() + 90, "Expiring", "Valid") ) ) ) -> Expiring | J51: 46323 | K51: =IF( _xlfn.XLOOKUP($D51 & "-" & J$2, 'TrainingReq (Ach)'!G:G, 'TrainingReq (Ach)'!F:F, "2-Year") = "Forever", "Valid", IF(J51="", "Not Trained", IF(J51 < TODAY() - 1, "Expired", IF(J51 <= TODAY() + 90, "Expiring", "Valid") ) ) ) -> Expiring | L51: 46597 | M51: =IF( _xlfn.XLOOKUP($D51 & "-" & L$2, TrainingMan!$G:$G, TrainingMan!$F:$F, "2-Year") = "Forever", "Valid", IF(L51="", "Not Trained", IF(L51 < TODAY() - 1, "Expired", IF(L51 <= TODAY() + 90, "Expiring", "Valid") ) ) ) -> Valid | N51: 46597 | O51: =IF( _xlfn.XLOOKUP($D51 & "-" & N$2, TrainingMan!$G:$G, TrainingMan!$F:$F, "2-Year") = "Forever", "Valid", IF(N51="", "Not Trained", IF(N51 < TODAY() - 1, "Expired", IF(N51 <= TODAY() + 90, "Expiring", "Valid") ) ) ) -> Valid | P51: 46597 | Q51: =IF( _xlfn.XLOOKUP($D51 & "-" & P$2, TrainingMan!$G:$G, TrainingMan!$F:$F, "2-Year") = "Forever", "Valid", IF(P51="", "Not Trained", IF(P51 < TODAY() - 1, "Expired", IF(P51 <= TODAY() + 90, "Expiring", "Valid") ) ) ) -> Valid | R51: 46597 | S51: =IF( _xlfn.XLOOKUP($D51 & "-" & R$2, TrainingMan!$G:$G, TrainingMan!$F:$F, "2-Year") = "Forever", "Valid", IF(R51="", "Not Trained", IF(R51 < TODAY() - 1, "Expired", IF(R51 <= TODAY() + 90, "Expiring", "Valid") ) ) ) -> Valid | T51: 46597 | U51: =IF( _xlfn.XLOOKUP($D51 & "-" & T$2, TrainingMan!$G:$G, TrainingMan!$F:$F, "2-Year") = "Forever", "Valid", IF(T51="", "Not Trained", IF(T51 < TODAY() - 1, "Expired", IF(T51 <= TODAY() + 90, "Expiring", "Valid") ) ) ) -> Valid | V51: 46597 | W51: =IF( _xlfn.XLOOKUP($D51 & "-" & V$2, TrainingMan!$G:$G, TrainingMan!$F:$F, "2-Year") = "Forever", "Valid", IF(V51="", "Not Trained", IF(V51 < TODAY() - 1, "Expired", IF(V51 <= TODAY() + 90, "Expiring", "Valid") ) ) ) -> Valid | X51: 46597 | Y51: =IF( _xlfn.XLOOKUP($D51 & "-" & X$2, TrainingMan!$G:$G, TrainingMan!$F:$F, "2-Year") = "Forever", "Valid", IF(X51="", "Not Trained", IF(X51 < TODAY() - 1, "Expired", IF(X51 <= TODAY() + 90, "Expiring", "Valid") ) ) ) -> Valid | Z51: 45174 | AA51: =IF(LEN(TRIM(Z51)) = 0, "Not Trained", IF(_xlfn.XLOOKUP($D51 & "-" & Z$2, TrainingMan!$G:$G, TrainingMan!$F:$F, "2-Year") = "Forever", "Valid", IF(Z51 < TODAY() - 1, "Expired", IF(Z51 <= TODAY() + 90, "Expiring", "Valid") ) ) ) -> Valid | AB51: 40856 | AC51: 43653 | AD51: 43934 | AE51: 45712 | AF51: 44861 | BD51: 2024-12-29 | BI51: 43017 | BJ51: B777 | BK51: A320 | BQ51: =COUNTIF('TrainingReq (Ach)'!B:B,Table13[[#This Row],[Job Title]]) -> 15 | BR51: {=SUMPRODUCT( COUNTIFS( ValidityMatrix[Job Title], Table13[[#This Row],[Job Title]], ValidityMatrix[Training Type], Table13[[#Headers],[Human Factor]:[Mandatory for Supporting]] ), --(Table13[[#This Row],[Human Factor]:[Mandatory for Supporting]]<>""), --(Table13[[#This Row],[Human Factor]:[Mandatory for Supporting]]<>"Not Trained") )} -> 14 | BS51: =BR51/BQ51 -> 0.93333333 | BT51: 93.33% | BU51: DIRECT | BV51: A1 A4 | BW51: B777 | BZ51: 8389 | CA51: 1 | CC51: I.A8389 | CD51: 46771 | CE51: =IF( _xlfn.XLOOKUP($D51 & "-" & CD$2, 'TrainingReq (Ach)'!$G:$G, 'TrainingReq (Ach)'!$F:$F, "2-Year") = "Forever", "Valid", IF(CD51="", "Not Trained", IF(CD51 < TODAY() - 1, "Expired", IF(CD51 <= TODAY() + 90, "Expiring", "Valid") ) ) ) -> Valid | CF51: A null | CG51: 53880 | CH51: =IF( _xlfn.XLOOKUP($D50 & "-" & CG$2, 'TrainingReq (Ach)'!$G:$G, 'TrainingReq (Ach)'!$F:$F, "2-Year") = "Forever", "Valid", IF(CG50="", "Not Trained", IF(CG50 < TODAY() - 1, "Expired", IF(CG50 <= TODAY() + 90, "Expiring", "Valid") ) ) ) -> Valid | CI51: =IF(BW51<>"","Eligible","Not eligible") -> Eligible | CJ51: =IF(BX51<>"","Eligible","Not eligible") -> Not eligible
